Species,Family,Count,Relative Abundance,Cumulative Abundance,,MS_den,DPND_den,Mortality In Mesopelagic,lf_dist,lognorm_mean,lognorm_sd,min_size,max_size,Migrator,Type,D_Min Depth,D_Max Depth,N_Min Depth,N_Max Depth,LW_reg,LW_a,LW_b,WW_DW Conversion (% AFDW),Alt_wgt,Feeding Guild,Lepto,Depth Source,L-W Source (Bold = dw to length)
Cyclothone pallida,Gonostomatidae,7463,0.331114956,0.331114956,0.330821402,0.06931627,0.932552849,0.1434,TRUE,3.401777183,0.291886691,2,32,FALSE,Mesopelagic Nonmigrator,200,1000,200,1000,TRUE,3.90E-06,2.88,0.324,NA,Crustacean,FALSE,Stickney and Torres 1989,
Cyclothone pseudopallida,Gonostomatidae,2470,0.109587826,0.440702782,0.109490669,0.075747674,0.311060353,0.1434,TRUE,3.374965132,0.204614978,3,50,FALSE,Mesopelagic Nonmigrator,200,600,200,600,TRUE,3.90E-06,2.88,0.324,NA,Crustacean,FALSE,MOCNESS,
Cyclothone acclinidens,Gonostomatidae,1094,0.04853809,0.489240871,0.048495057,0.009685341,0.144320985,0.1434,TRUE,3.432429235,0.147380451,2,44,FALSE,Mesopelagic Nonmigrator,600,1000,600,1000,TRUE,3.51E-05,2.084,0.324,NA,Crustacean,FALSE,Hopkins and Sutton 1998,
Cyclothone alba,Gonostomatidae,1092,0.048449354,0.537690226,0.048406401,0.070038316,0.16616005,0.1434,TRUE,3.154997688,0.153041194,9,32,FALSE,Mesopelagic Nonmigrator,200,600,200,600,TRUE,3.90E-06,2.88,0.324,NA,Crustacean,FALSE,MOCNESS,
Cyclothone braueri,Gonostomatidae,1013,0.044944319,0.582634545,0.044904473,0.043731937,0.148963397,0.1434,TRUE,3.120358345,0.129312143,11,35,FALSE,Mesopelagic Nonmigrator,200,600,200,600,TRUE,3.90E-06,2.88,0.324,NA,Crustacean,FALSE,MOCNESS,
Argyropelecus hemigymnus,Sternoptychidae,467,0.020719642,0.603354186,0.020701272,0.149991449,0.066193085,0.378,TRUE,2.726837034,0.391169305,5,92,FALSE,Mesopelagic Nonmigrator,350,500,350,500,TRUE,1.63E-05,2.55,1,NA,Crustacean,FALSE,Hopkins and Baird 1985,Hopkins and Baird 1985
Sternoptyx,Sternoptychidae,459,0.020364701,0.623718887,0.020346647,0.216885806,0.059416456,0.378,TRUE,2.154054823,0.243950119,5,97,FALSE,Mesopelagic Nonmigrator,200,1000,200,1000,TRUE,1.17E-06,3.1,0.2825,NA,Crustacean,FALSE,MOCNESS,
Valenciennellus tripunctulatus,Sternoptychidae,444,0.019699188,0.643418075,0.019681723,0.242948965,0.062623564,0.378,TRUE,3.123404888,0.200273442,7,33,FALSE,Mesopelagic Nonmigrator,200,500,200,500,TRUE,1.17E-06,3.1,0.2972,NA,Crustacean,FALSE,Hopkins and Baird 1981,
Lampanyctus alatus,Myctophidae,406,0.018013222,0.661431297,0.017997252,0.271390856,0.054610174,0.2272,TRUE,3.401019131,0.283302973,12,53,TRUE,Synchronous Migrator,600,800,0,200,TRUE,1.81E-05,2.69,1,NA,Crustacean,FALSE,Gartner et al. 1987; Hopkins and Gartner 1992,Hopkins and Baird 1985b
Sternoptyx diaphana,Sternoptychidae,401,0.017791384,0.679222681,0.017775611,0.149046009,0.050421735,0.378,TRUE,2.783783983,0.382824781,6,45,FALSE,Mesopelagic Nonmigrator,500,800,500,800,TRUE,3.78E-06,3.19,1,NA,Crustacean,FALSE,Hopkins and Baird 1985,Hopkins and Baird 1985
Ceratoscopelus warmingii,Myctophidae,355,0.015750477,0.694973158,0.015736513,0.19967086,0.047281391,0.2272,TRUE,3.232901327,0.274679646,15,77,A,Asynchronous Migrator,650,1000,0,125,TRUE,3.20E-07,3.52,1,NA,Crustacean,FALSE,Gartner et al. 1987; Hopkins and Gartner 1992,Lopez-Perez et al. 2020
Argyropelecus aculeatus,Sternoptychidae,346,0.015351169,0.710324327,0.015337559,0.082653831,0.043221468,0.378,TRUE,3.232901327,0.546811795,5,73,TRUE,Synchronous Migrator,200,500,100,200,TRUE,8.94E-06,2.88,1,NA,Crustacean,FALSE,Hopkins and Baird 1985,Hopkins and Baird 1985
Pleuronectiformes,,285,0.012644749,0.722969076,0.012633539,0.01121703,0.052462201,0,TRUE,2.632837366,0.482374691,6,55,FALSE,Holoepipelagic Nonmigrator,0,200,0,200,TRUE,4.87E-04,0.284,0.221833333,NA,Crustacean,FALSE,MOCNESS,
Benthosema suborbitale,Myctophidae,279,0.012378544,0.73534762,0.012367569,0.149016865,0.039288496,0.2272,TRUE,3.068300757,0.229332032,12,33,A,Asynchronous Migrator,400,600,0,200,TRUE,3.50E-07,3.537,1,NA,Crustacean,FALSE,Gartner et al. 1987; Hopkins and Gartner 1992,Lopez-Perez et al. 2020
Sigmops elongatus,Gonostomatidae,274,0.012156706,0.747504326,0.012145928,0.147521113,0.032549292,0.1434,TRUE,4.117246459,0.680461786,14,322,TRUE,Synchronous Migrator,425,725,25,325,TRUE,2.30E-06,2.628,1,NA,Crustacean,FALSE,Lancraft et al. 1988,Lancraft et al. 1988
Bothus,Bothidae,262,0.011624296,0.759128622,0.01161399,0.073040649,0.052874647,0,TRUE,2.604860435,0.272876211,7,22,FALSE,Holoepipelagic Nonmigrator,0,200,0,200,TRUE,8.90E-07,3.12,0.221833333,NA,Crustacean,FALSE,MOCNESS,
Selene setapinnis,Carangidae,242,0.010736945,0.769865566,0.010727426,0.077086339,0.155504475,0,TRUE,2.420260125,0.59602359,3,42,FALSE,Holoepipelagic Nonmigrator,0,200,0,200,TRUE,2.00E-06,2.94,0.221833333,NA,Crustacean,FALSE,MOCNESS,
Diaphus dumerilii,Myctophidae,212,0.009405919,0.779271485,0.00939758,0.239554969,0.043218402,0.2272,TRUE,3.152810722,0.331645949,11,63,TRUE,Synchronous Migrator,300,600,0,200,TRUE,2.54E-06,3.076,1,NA,Crustacean,FALSE,Gartner et al. 1987; Hopkins and Gartner 1992,Lopez-Perez et al. 2020
Lepidophanes guentheri,Myctophidae,204,0.009050978,0.788322463,0.009042954,0.122733425,0.035836585,0.2272,TRUE,3.474048339,0.37268556,15,208,A,Asynchronous Migrator,550,650,0,200,TRUE,4.30E-07,3.391,1,NA,Crustacean,FALSE,Gartner et al. 1987; Hopkins and Gartner 1992,Lopez-Perez et al. 2020
Carangidae,Carangidae,196,0.008696038,0.797018501,0.008688328,0.043544588,0.168083048,0,TRUE,2.674015619,0.420569865,6,32,FALSE,Holoepipelagic Nonmigrator,0,200,0,200,TRUE,1.48E-06,2.94,0.221833333,NA,Crustacean,FALSE,MOCNESS,
Notolychnus valdiviae,Myctophidae,188,0.008341098,0.805359599,0.008333703,0.131316071,0.036890181,0.2272,TRUE,2.94680673,0.113291654,10,27,TRUE,Synchronous Migrator,300,400,0,175,TRUE,2.89E-06,2.956,1,NA,Crustacean,FALSE,Gartner et al. 1987; Hopkins and Gartner 1992,Lopez-Perez et al. 2020
Melamphaes simus,Melamphaidae,175,0.00776432,0.813123919,0.007757436,0.055290925,0.02631883,0,TRUE,2.994031701,0.232278604,9,29,TRUE,Synchronous Migrator,200,1000,0,600,TRUE,4.12E-06,3.2,0.344,NA,Crustacean,FALSE,MOCNESS,
Lutjanus campechanus,Lutjanidae,164,0.007276277,0.820400195,0.007269826,0.01512781,0.093705452,0,TRUE,2.621826689,0.219316151,8,23,FALSE,Holoepipelagic Nonmigrator,0,200,0,200,TRUE,1.55E-06,3.01,0.221833333,NA,Crustacean,FALSE,MOCNESS,
Sternoptyx pseudobscura,Sternoptychidae,158,0.007010071,0.827410267,0.007003857,0.069067382,0.027754088,0.378,TRUE,3.02027513,0.349810382,6,43,FALSE,Mesopelagic Nonmigrator,800,1200,800,1200,TRUE,3.78E-06,3.19,1,NA,Crustacean,FALSE,Hopkins and Baird 1985,Hopkins and Baird 1985
Cyclothone obscura,Gonostomatidae,155,0.006876969,0.834287235,0.006870872,0.009527456,0.043404532,0.1434,TRUE,3.397709335,0.322812959,12,54,FALSE,Mesopelagic Nonmigrator,900,1000,900,1000,TRUE,3.90E-06,2.88,0.324,NA,Crustacean,FALSE,MOCNESS,
Chauliodus sloani,Stomiidae,149,0.006610764,0.840897999,0.006604903,0.053160509,0.02336695,0.0925,TRUE,3.973349125,0.7892042,10,287,A,Asynchronous Migrator,450,700,20,300,TRUE,2.38E-06,2.54,1,NA,Fish,FALSE,Sutton and Hopkins 1996,Sutton and Hopkins 1996
Vinciguerria poweriae,Phosichthyidae,122,0.00541284,0.846310839,0.005408041,0.061176574,0.021357939,0.427,TRUE,3.044012744,0.263426944,11,37,TRUE,Synchronous Migrator,300,600,50,200,TRUE,1.77E-06,3.005,1,NA,Crustacean,FALSE,Brooks and Saenger 1991,Lopez-Perez et al. 2020
Pollichthys mauli,Phosichthyidae,107,0.004747327,0.851058166,0.004743118,0.027434211,0.016093427,0,TRUE,3.358172107,0.312311261,15,50,TRUE,Synchronous Migrator,150,600,0,150,TRUE,5.25E-06,2.309,0.255071429,NA,Crustacean,FALSE,Brooks and Saenger 1991,
Canthigaster,Tetraodontidae,100,0.004436754,0.85549492,0.004432821,0.033932765,0.016905479,0,TRUE,2.088933445,0.428181426,4,23,FALSE,Holoepipelagic Nonmigrator,0,200,0,200,TRUE,8.50E-07,2.81,0.221833333,NA,Crustacean,FALSE,MOCNESS,
Scombridae,Scombridae,93,0.004126181,0.859621101,0.004122523,0.031799853,0.043475127,0,TRUE,2.472379381,0.239827225,8,18,FALSE,Holoepipelagic Nonmigrator,0,200,0,200,TRUE,2.09E-06,3.08,0.221833333,NA,Fish,FALSE,MOCNESS,
Selene,Carangidae,91,0.004037446,0.863658547,0.004033867,0.056490117,0.038960899,0,TRUE,2.037494038,0.21020168,6,11,FALSE,Holoepipelagic Nonmigrator,0,200,0,200,TRUE,1.80E-06,2.84,0.221833333,NA,Crustacean,FALSE,MOCNESS,
Hygophum taaningi,Myctophidae,82,0.003638138,0.867296686,0.003634913,0.039353116,0.014739284,0.2272,TRUE,3.170526666,0.308995165,11,43,A,Asynchronous Migrator,500,700,50,125,TRUE,1.81E-05,2.86,0.138,NA,Crustacean,FALSE,Gartner et al. 1987,Eduardo et al. 2020
Diaphus mollis,Myctophidae,79,0.003505036,0.870801721,0.003501928,0.040327872,0.018032315,0.2272,TRUE,3.468739238,0.364853163,10,58,A,Asynchronous Migrator,400,550,25,175,TRUE,2.47E-06,3.093,1,NA,Crustacean,FALSE,Gartner et al. 1987; Hopkins and Gartner 1992,Lopez-Perez et al. 2020
Euthynnus alletteratus,Scombridae,79,0.003505036,0.874306757,0.003501928,#N/A,0.050204478,0,TRUE,2.798894191,0.517100598,7.31,79.11,FALSE,Holoepipelagic Nonmigrator,0,200,0,200,TRUE,1.95E-06,2.95,0.221833333,NA,Fish,FALSE,MOCNESS,
Caranx crysos,Carangidae,78,0.003460668,0.877767425,0.0034576,0.064594,0.044598323,0,TRUE,3.549691889,0.419426647,7,67,FALSE,Holoepipelagic Nonmigrator,0,200,0,200,TRUE,2.24E-06,2.96,0.221833333,NA,Crustacean,FALSE,MOCNESS,
Caranx,Carangidae,63,0.002795155,0.88056258,0.002792677,0.031934183,0.040798702,0,TRUE,2.374371752,0.180290628,8,14,FALSE,Holoepipelagic Nonmigrator,0,200,0,200,TRUE,1.77E-06,2.94,0.221833333,NA,Crustacean,FALSE,MOCNESS,
Vinciguerria nimbaria,Phosichthyidae,62,0.002750788,0.883313368,0.002748349,0.031802263,0.018836134,0,TRUE,3.208674791,0.229657681,13,39,TRUE,Synchronous Migrator,200,600,0,200,TRUE,1.77E-06,3.005,1,NA,Crustacean,FALSE,MOCNESS,Lopez-Perez et al. 2020
Acanthurus,Acanthuridae,59,0.002617685,0.885931053,0.002615364,0.027985841,0.016562916,0,TRUE,2.185872569,0.349291302,5,19,FALSE,Holoepipelagic Nonmigrator,0,200,0,200,TRUE,4.90E-07,2.95,0.221833333,NA,Crustacean,FALSE,MOCNESS,
Myctophum affine,Myctophidae,55,0.002440215,0.888371268,0.002438051,0.047100555,0.022475497,0.2272,TRUE,3.188431369,0.345762242,11,60,TRUE,Synchronous Migrator,400,500,0,25,TRUE,4.90E-08,3.509,1,NA,Crustacean,FALSE,Gartner et al. 1987; Hopkins and Gartner 1992,Lopez-Perez et al. 2020
Nannobrachium,Myctophidae,52,0.002307112,0.89067838,0.002305067,0.02393374,0.014620737,0.2272,TRUE,3.264426992,0.235592422,15,45,FALSE,Mesopelagic Nonmigrator,600,1000,600,1000,TRUE,4.12E-07,3.25,0.2352,NA,Crustacean,FALSE,MOCNESS,
Scopeloberyx opisthopterus,Melamphaidae,50,0.002218377,0.892896757,0.00221641,0.021343003,0.016959771,0.427,TRUE,3.13302722,0.148872016,16,30,FALSE,Mesopelagic Nonmigrator,600,1000,600,1000,TRUE,7.00E-06,3.2,0.098,NA,Crustacean,FALSE,MOCNESS,
Diplospinus multistriatus,Gempylidae,49,0.002174009,0.895070766,0.002172082,0.023558677,0.014924918,0,TRUE,3.101659166,0.770217505,6,157,FALSE,Holoepipelagic Nonmigrator,0,200,0,200,TRUE,3.09E-06,3,0.255071429,NA,Fish,FALSE,MOCNESS,
Balistidae,Balistidae,49,0.002174009,0.897244776,0.002172082,#N/A,0.022959125,0,FALSE,NA,NA,5,8,FALSE,Holoepipelagic Nonmigrator,0,200,0,200,TRUE,7.80E-07,2.91,0.221833333,NA,Crustacean,FALSE,MOCNESS,
Hygophum benoiti,Myctophidae,47,0.002085274,0.89933005,0.002083426,0.148365305,0.02115875,0.2272,TRUE,2.913795737,0.212600914,9,48,A,Asynchronous Migrator,550,600,50,125,TRUE,1.21E-06,3.15,0.245,NA,Crustacean,FALSE,Gartner et al. 1987,
Bolinichthys photothorax,Myctophidae,45,0.001996539,0.901326589,0.001994769,0.022684654,0.012719552,0.2272,TRUE,3.188501714,0.300783098,12,50,TRUE,Synchronous Migrator,550,700,50,125,TRUE,1.21E-06,3.183,1,NA,Crustacean,FALSE,Gartner et al. 1987; Hopkins and Gartner 1992,Lopez-Perez et al. 2020
Photostomias guernei,Stomiidae,43,0.001907804,0.903234394,0.001906113,0.019068789,0.01538535,0.0925,TRUE,4.206831898,0.375657885,38,120,A,Asynchronous Migrator,20,300,650,850,TRUE,3.89E-07,2.94,1,NA,Crustacean,FALSE,Sutton and Hopkins 1996,Sutton and Hopkins 1996
Omosudis lowii,Omosudidae,42,0.001863437,0.90509783,0.001861785,0.025895654,0.013955287,0.15,TRUE,2.82536052,0.29623644,10,30,FALSE,Mesopelagic Nonmigrator,600,1000,600,1000,TRUE,6.20E-07,1.923592978,0.221833333,NA,Cephalopod,FALSE,MOCNESS,
Benthodesmus,Trichiuridae,38,0.001685967,0.906783797,0.001684472,#N/A,0.155908773,0,TRUE,3.935807161,0.291564186,31,87,FALSE,Holoepipelagic Nonmigrator,0,200,0,200,FALSE,6.00E-06,,0.221833333,0.05,Crustacean,FALSE,MOCNESS,
Nannobrachium lineatum,Myctophidae,37,0.001641599,0.908425396,0.001640144,0.019773707,0.015542302,0.2272,TRUE,3.898419131,0.414698737,22,146,FALSE,Mesopelagic Nonmigrator,200,1000,200,1000,TRUE,4.90E-06,3.25,0.2352,NA,Crustacean,FALSE,Gartner et al. 1987,
Saurida,Synodontidae,36,0.001597231,0.910022627,0.001595815,#N/A,0.077937688,0,FALSE,NA,NA,22,39,FALSE,Holoepipelagic Nonmigrator,0,200,0,200,TRUE,3.90E-06,3.09,0.221833333,NA,Crustacean,FALSE,MOCNESS,
Stomias affinis,Stomiidae,36,0.001597231,0.911619859,0.001595815,0.024908643,0.011599116,0.0925,TRUE,3.803958383,0.56963703,14,159,A,Asynchronous Migrator,20,300,550,850,TRUE,2.02E-07,3.07,1,NA,Fish,FALSE,Sutton and Hopkins 1996,Sutton and Hopkins 1996
Chlorophthalmus agassizi,Chlorophthalmidae,34,0.001508496,0.913128355,0.001507159,0.051319596,0.010786829,0,TRUE,3.259768571,0.278762535,16,56,FALSE,Holoepipelagic Nonmigrator,0,200,0,200,TRUE,7.80E-07,3.11,0.221833333,NA,Crustacean,FALSE,MOCNESS,
Synagrops spinosus,Acropomatidae,34,0.001508496,0.914636852,0.001507159,0.018082974,0.01716151,0,TRUE,2.719804729,0.331242773,6,32,FALSE,Holoepipelagic Nonmigrator,0,200,0,200,TRUE,4.12E-07,3.04,0.221833333,NA,Crustacean,FALSE,MOCNESS,
Lobianchia gemellarii,Myctophidae,33,0.001464129,0.916100981,0.001462831,0.019342134,0.011854669,0.2272,TRUE,3.220170488,0.359762342,12,46,TRUE,Synchronous Migrator,300,450,75,150,TRUE,1.74E-06,3.15,0.312,NA,Crustacean,FALSE,Gartner et al. 1987; Hopkins and Gartner 1992,
Bonapartia pedaliota,Gonostomatidae,33,0.001464129,0.917565109,0.001462831,0.023569819,0.011507346,0.1434,TRUE,3.342128737,0.424899343,16,61,FALSE,Mesopelagic Nonmigrator,200,600,200,600,TRUE,3.90E-08,2.88,0.3225,NA,Crustacean,FALSE,MOCNESS,
Perciformes,,32,0.001419761,0.918984871,0.001418503,0.068022747,0.021786311,0,FALSE,NA,NA,6,14,FALSE,Holoepipelagic Nonmigrator,0,200,0,200,FALSE,1.79E-06,,0.221833333,0.05,Crustacean,FALSE,MOCNESS,
Chloroscombrus chrysurus,Carangidae,32,0.001419761,0.920404632,0.001418503,0.586946123,0.031197967,0,TRUE,2.974352028,0.450470555,10,45,FALSE,Holoepipelagic Nonmigrator,0,200,0,200,TRUE,6.90E-07,2.77,0.221833333,NA,Crustacean,FALSE,MOCNESS,
Melamphaes,Melamphaidae,32,0.001419761,0.921824393,0.001418503,0.020820587,0.017266287,0.427,TRUE,2.775480493,0.121810769,13,20,TRUE,Synchronous Migrator,600,1000,0,200,TRUE,5.60E-06,3.20E+00,0.344,NA,Crustacean,FALSE,MOCNESS,
Scopeloberyx robustus,Melamphaidae,32,0.001419761,0.923244155,0.001418503,0.019365274,0.013614589,0.427,TRUE,2.932078737,0.230704252,13,35,FALSE,Mesopelagic Nonmigrator,600,1000,600,1000,TRUE,4.12E-06,3.2,0.098,NA,Crustacean,FALSE,MOCNESS,
Notoscopelus resplendens,Myctophidae,30,0.001331026,0.924575181,0.001329846,0.021708654,0.013349181,0.2272,TRUE,3.254801575,0.279717513,16,53,TRUE,Synchronous Migrator,900,1000,0,200,TRUE,1.79E-06,3.111,1,NA,Crustacean,FALSE,Gartner et al. 1987; Hopkins and Gartner 1992; MOCNESS,Lopez-Perez et al. 2020
Engraulidae,Engraulidae,30,0.001331026,0.925906207,0.001329846,0.093991617,0.027692481,0,FALSE,NA,NA,12,18,FALSE,Holoepipelagic Nonmigrator,0,200,0,200,TRUE,8.00E-07,3.09,0.221833333,NA,Crustacean,FALSE,MOCNESS,
Argyropelecus gigas,Sternoptychidae,30,0.001331026,0.927237233,0.001329846,0.019540349,0.01698098,0.378,TRUE,2.843152374,0.524339714,6,108,FALSE,Mesopelagic Nonmigrator,200,600,200,600,TRUE,7.80E-07,3.37,0.3045,NA,Crustacean,FALSE,MOCNESS,
Diogenichthys atlanticus,Myctophidae,29,0.001286659,0.928523892,0.001285518,0.038768175,0.012017371,0.2272,TRUE,2.952370499,0.124768583,13,24,A,Asynchronous Migrator,550,600,65,125,TRUE,1.28E-06,3.52,0.2352,NA,Crustacean,FALSE,Gartner et al. 1987,
Lampadena luminosa,Myctophidae,29,0.001286659,0.929810551,0.001285518,0.01808447,0.011955235,0.2272,TRUE,3.210188872,0.274275985,19,60,A,Asynchronous Migrator,600,650,75,125,TRUE,7.90E-07,3.15,0.291,NA,Crustacean,FALSE,Gartner et al. 1987,
Nemichthys curvirostris,Nemichthyidae,28,0.001242291,0.931052842,0.00124119,0.010425012,0.013052831,0,TRUE,5.248825399,0.575364186,20,544,FALSE,Mesopelagic Nonmigrator,200,600,200,600,TRUE,1.62E-07,3,0.221833333,NA,Crustacean,FALSE,MOCNESS,
Lestidiops affinis,Paralepididae,26,0.001153556,0.932206398,0.001152533,0.019692628,0.012433854,0,TRUE,3.760702649,0.292515521,25,78,FALSE,Holoepipelagic Nonmigrator,0,200,0,200,TRUE,1.61E-06,2.928,0.221833333,NA,Fish,FALSE,MOCNESS,
Diaphus splendidus,Myctophidae,25,0.001109189,0.933315586,0.001108205,0.024056976,0.009486349,0.2272,TRUE,3.410985353,0.375987295,18,69,A,Asynchronous Migrator,400,550,50,110,TRUE,7.90E-06,3.1,0.236,NA,Crustacean,FALSE,Gartner et al. 1987,Eduardo et al. 2020
Scorpaenidae,Scorpaenidae,25,0.001109189,0.934424775,0.001108205,0.064579331,0.013588242,0,TRUE,2.160604446,0.382596426,4,16,FALSE,Holoepipelagic Nonmigrator,0,200,0,200,TRUE,5.50E-06,3.04,0.221833333,NA,Crustacean,FALSE,MOCNESS,
Dolicholagus longirostris,Microstomatidae,24,0.001064821,0.935489596,0.001063877,0.022103383,0.010521747,0.427,TRUE,3.658646727,0.549658706,21,138,FALSE,Mesopelagic Nonmigrator,600,1000,600,1000,TRUE,3.48E-05,3,0.221833333,NA,Gelatinous,FALSE,MOCNESS,
Diaphus lucidus,Myctophidae,24,0.001064821,0.936554417,0.001063877,0.019348963,0.014262192,0.2272,TRUE,3.81685883,0.532249431,19,160,TRUE,Synchronous Migrator,450,600,75,200,TRUE,1.61E-05,2.82,0.236,NA,Crustacean,FALSE,Gartner et al. 1987; Hopkins and Gartner 1992,Eduardo et al. 2020
Saurida brasiliensis,Synodontidae,24,0.001064821,0.937619238,0.001063877,0.018613655,0.098468699,0,TRUE,3.281983326,0.078472113,22,30,FALSE,Holoepipelagic Nonmigrator,0,200,0,200,TRUE,6.39E-06,2.99,0.221833333,NA,Crustacean,FALSE,MOCNESS,
Myctophidae,Myctophidae,23,0.001020453,0.938639691,0.001019549,0.419408243,0.01247183,0.2272,TRUE,2.690480296,0.266124162,9,21,TRUE,Synchronous Migrator,600,1000,0,200,TRUE,2.20E-06,3.15,0.2352,NA,Crustacean,FALSE,MOCNESS,
Bolinichthys supralateralis,Myctophidae,23,0.001020453,0.939660145,0.001019549,0.020650241,0.013258474,0.2272,TRUE,3.311699646,0.409123097,16,87,A,Asynchronous Migrator,250,600,60,250,TRUE,1.90E-06,3.036,0.241,NA,Crustacean,FALSE,Gartner et al. 1987,
Polyipnus clarus,Sternoptychidae,23,0.001020453,0.940680598,0.001019549,0.020740205,0.01519023,0.378,TRUE,2.841156671,0.508677588,9,42,FALSE,Mesopelagic Nonmigrator,200,600,200,600,TRUE,7.80E-07,2.55,0.2972,NA,Crustacean,FALSE,MOCNESS,
Melamphaidae,Melamphaidae,23,0.001020453,0.941701052,0.001019549,0.115811244,0.023197504,0.427,TRUE,2.799972486,0.236115891,12,25,TRUE,Synchronous Migrator,600,1000,0,200,TRUE,8.04E-06,3,0.26475,NA,Crustacean,FALSE,MOCNESS,
Cryptopsaras couesii,Ceratiidae,23,0.001020453,0.942721505,0.001019549,0.015335582,0.013873051,0.15,TRUE,2.56190061,0.128553483,10,16,FALSE,Mesopelagic Nonmigrator,600,1000,600,1000,TRUE,4.12E-06,0.1388,0.221833333,NA,Cephalopod,FALSE,MOCNESS,
Hygophum macrochir,Myctophidae,21,0.000931718,0.943653223,0.000930892,0.017344727,0.010053564,0.2272,TRUE,3.115944761,0.303443755,15,46,TRUE,Synchronous Migrator,500,650,50,100,TRUE,1.90E-06,3.138,1,NA,Crustacean,FALSE,Gartner et al. 1987,Lopez-Perez et al. 2020
Lestrolepis intermedia,Paralepididae,21,0.000931718,0.944584942,0.000930892,0.010708638,0.016473615,0,TRUE,3.634943862,0.266537967,22,74,FALSE,Holoepipelagic Nonmigrator,0,200,0,200,TRUE,7.60E-07,2.95,0.221833333,NA,Fish,FALSE,MOCNESS,
Eustomias,Stomiidae,21,0.000931718,0.94551666,0.000930892,0.011705991,0.011299554,0.0925,TRUE,4.216896357,0.305587299,35,125,FALSE,Mesopelagic Nonmigrator,200,1000,200,1000,TRUE,5.00E-07,2.74,1,NA,Fish,FALSE,MOCNESS,Sutton and Hopkins 1996
Howella atlantica,Howellidae,21,0.000931718,0.946448378,0.000930892,0.016387181,0.011590441,0.427,TRUE,3.300544226,0.267473723,13,58,TRUE,Synchronous Migrator,600,1000,0,600,TRUE,2.42E-05,0.154241381,0.255071429,NA,Crustacean,FALSE,MOCNESS,
Centropyge,Pomacanthidae,21,0.000931718,0.947380097,0.000930892,0.013223238,0.012906126,0,TRUE,2.269595196,0.331567824,5,23,FALSE,Holoepipelagic Nonmigrator,0,200,0,200,TRUE,1.00E-05,2.56,0.221833333,NA,Crustacean,FALSE,MOCNESS,
Anthiinae,Serranidae,20,0.000887351,0.948267448,0.000886564,0.013275962,0.030069581,0,TRUE,2.729798204,0.139706206,10,19,FALSE,Holoepipelagic Nonmigrator,0,200,0,200,TRUE,3.90E-06,2.611,0.221833333,NA,Crustacean,FALSE,MOCNESS,
Hygophum hygomii,Myctophidae,20,0.000887351,0.949154798,0.000886564,0.021842901,0.01546324,0.2272,TRUE,3.15758005,0.39411337,15,50,TRUE,Synchronous Migrator,550,700,50,100,TRUE,2.57E-06,3.15,0.1915,NA,Crustacean,FALSE,Gartner et al. 1987; Brooks and Saenger 1991,
Maurolicus weitzmani,Sternoptychidae,19,0.000842983,0.949997782,0.000842236,0.022413728,0.013727055,0.378,TRUE,2.855506458,0.24063475,12,36,TRUE,Synchronous Migrator,200,600,0,200,TRUE,8.30E-07,3.23,0.312,NA,Crustacean,FALSE,MOCNESS,
Ariomma bondi,Ariommatidae,18,0.000798616,0.950796397,0.000797908,0.008447721,0.169452628,0,TRUE,4.173418074,0.104513009,48,74,FALSE,Holoepipelagic Nonmigrator,0,200,0,200,TRUE,2.75E-06,2.92,0.221833333,NA,Crustacean,FALSE,MOCNESS,
Stephanolepis hispidus,Monacanthidae,18,0.000798616,0.951595013,0.000797908,0.02317735,0.008590873,0,TRUE,2.866326744,0.405988666,9,48,FALSE,Holoepipelagic Nonmigrator,0,200,0,200,TRUE,1.79E-06,2.89,0.221833333,NA,Crustacean,FALSE,MOCNESS,
Margrethia obtusirostra,Gonostomatidae,17,0.000754248,0.952349261,0.00075358,0.022027381,0.010906418,0.1434,TRUE,3.063056635,0.362934147,7,37,FALSE,Mesopelagic Nonmigrator,200,600,200,600,TRUE,3.90E-08,2.88,0.3225,NA,Crustacean,FALSE,MOCNESS,
Chaetodontidae,Chaetodontidae,16,0.000709881,0.953059142,0.000709251,0.012063903,0.015768707,0,TRUE,2.076252664,0.154201318,6,11,FALSE,Holoepipelagic Nonmigrator,0,200,0,200,TRUE,1.70E-06,3.03,0.221833333,NA,Crustacean,FALSE,MOCNESS,
Synagrops bellus,Acropomatidae,16,0.000709881,0.953769023,0.000709251,0.016498423,0.010392331,0,TRUE,2.767382902,0.29160391,10,36,FALSE,Holoepipelagic Nonmigrator,0,200,0,200,TRUE,6.10E-07,3.04,0.221833333,NA,Crustacean,FALSE,MOCNESS,
Stomiiformes,,15,0.000665513,0.954434536,0.000664923,0.03904982,0.011412721,0,TRUE,2.723588291,0.255109418,11,34,FALSE,Mesopelagic Nonmigrator,200,1000,200,1000,FALSE,3.90E-06,,0.221833333,0.05,Crustacean,FALSE,MOCNESS,
Engraulis eurystole,Engraulidae,15,0.000665513,0.955100049,0.000664923,0.016016476,0.059978252,0,FALSE,NA,NA,11,40,FALSE,Holoepipelagic Nonmigrator,0,200,0,200,TRUE,2.18E-05,2.951242424,0.221833333,NA,Crustacean,FALSE,MOCNESS,
Stomiidae,Stomiidae,15,0.000665513,0.955765562,0.000664923,0.031168868,0.013216519,0.0925,FALSE,NA,NA,22,56,TRUE,Synchronous Migrator,200,1000,0,600,TRUE,4.12E-06,2.786945946,1,NA,Fish,FALSE,MOCNESS,Sutton and Hopkins 1996
Lampanyctus nobilis,Myctophidae,14,0.000621146,0.956386707,0.000620595,0.011482654,0.010040298,0.2272,TRUE,3.486522885,0.289338533,19,52,A,Asynchronous Migrator,800,1000,100,150,TRUE,6.10E-07,3.205,1,NA,Crustacean,FALSE,Gartner et al. 1987,Lopez-Perez et al. 2020
Pristipomoides,Lutjanidae,14,0.000621146,0.957007853,0.000620595,0.009892237,0.017434361,0,TRUE,3.145021457,0.191953411,17,35,FALSE,Holoepipelagic Nonmigrator,0,200,0,200,TRUE,9.66E-05,2.97,0.221833333,NA,Crustacean,FALSE,MOCNESS,
Kaupichthys hyoproroides,Chlopsidae,13,0.000576778,0.957584631,0.000576267,0.008817086,0.007921378,0,TRUE,3.707356895,0.094215069,33,47,FALSE,Holoepipelagic Nonmigrator,0,200,0,200,TRUE,2.10E-06,2.014,0.221833333,NA,Crustacean,FALSE,MOCNESS,
Astronesthes niger,Stomiidae,13,0.000576778,0.958161409,0.000576267,0.010348812,0.012587395,0.0925,TRUE,3.277723773,0.100308499,20,31,A,Asynchronous Migrator,200,1000,0,200,TRUE,1.04E-06,3.04,1,NA,Crustacean,FALSE,MOCNESS,Sutton and Hopkins 1996
Aluterus scriptus,Monacanthidae,13,0.000576778,0.958738187,0.000576267,#N/A,0.030241035,0,TRUE,2.736584526,0.200558937,13,24,FALSE,Holoepipelagic Nonmigrator,0,200,0,200,TRUE,9.60E-07,1.814,0.221833333,NA,Crustacean,FALSE,MOCNESS,
Bregmaceros atlanticus,Bregmacerotidae,13,0.000576778,0.959314965,0.000576267,#N/A,0.008204543,0.427,TRUE,3.383825564,0.146792845,23,38,TRUE,Synchronous Migrator,600,1000,0,200,TRUE,8.50E-07,2.96,0.255071429,NA,Crustacean,FALSE,MOCNESS,
Scopeloberyx,Melamphaidae,13,0.000576778,0.959891743,0.000576267,0.019159341,0.013246303,0.427,FALSE,NA,NA,13,23,FALSE,Mesopelagic Nonmigrator,600,1000,600,1000,TRUE,7.80E-07,3.2,0.098,NA,Crustacean,FALSE,MOCNESS,
Oneirodidae,Oneirodidae,13,0.000576778,0.960468521,0.000576267,0.008888784,0.011534578,0.427,TRUE,2.462926742,0.362161664,6,18,FALSE,Mesopelagic Nonmigrator,600,1000,600,1000,TRUE,6.90E-07,2.421,0.221833333,NA,Crustacean,FALSE,MOCNESS,
Bregmaceros,Bregmacerotidae,13,0.000576778,0.961045299,0.000576267,0.02486877,0.009842475,0.427,TRUE,3.507085928,0.24738784,20,48,TRUE,Synchronous Migrator,600,2000,0,200,TRUE,7.08E-06,3.15,0.255071429,NA,Crustacean,FALSE,MOCNESS,
Scopelarchus analis,Scopelarchidae,12,0.00053241,0.96157771,0.000531938,0.014316035,0.007955947,0,TRUE,3.730771675,0.315502527,27,90,TRUE,Synchronous Migrator,200,1000,0,200,TRUE,2.45E-06,3.31,0.255071429,NA,Fish,FALSE,MOCNESS,
Taaningichthys bathyphilus,Myctophidae,12,0.00053241,0.96211012,0.000531938,0.014251114,0.010847975,0.2272,TRUE,3.573677659,0.265934201,27,63,FALSE,Mesopelagic Nonmigrator,600,1000,600,1000,TRUE,4.70E-07,3.15,0.115,NA,Crustacean,FALSE,Gartner et al. 1987,
Centropyge argi,Pomacanthidae,12,0.00053241,0.962642531,0.000531938,0.014567374,0.018217248,0,TRUE,2.296676061,0.308236545,5,18,FALSE,Holoepipelagic Nonmigrator,0,200,0,200,TRUE,4.00E-07,2.56,0.221833333,NA,Crustacean,FALSE,MOCNESS,
Diaphus,Myctophidae,12,0.00053241,0.963174941,0.000531938,0.050177731,0.013081487,0.2272,FALSE,NA,NA,10,27,TRUE,Synchronous Migrator,600,1000,0,200,TRUE,6.84E-06,3.02,0.236,NA,Crustacean,FALSE,MOCNESS,
Argyropelecus affinis,Sternoptychidae,12,0.00053241,0.963707352,0.000531938,0.016021076,0.015117906,0.378,TRUE,2.744001474,0.331362824,11,38,TRUE,Synchronous Migrator,200,600,200,600,TRUE,4.00E-06,3.37,0.3045,NA,Crustacean,FALSE,MOCNESS,
Coccorella atlantica,Evermannellidae,11,0.000488043,0.964195395,0.00048761,0.010492274,0.009060627,0.15,TRUE,3.503446279,0.217557564,23,45,TRUE,Synchronous Migrator,600,1000,0,200,TRUE,1.23E-06,3.009,0.255071429,NA,Cephalopod,FALSE,MOCNESS,
Vinciguerria attenuata,Phosichthyidae,11,0.000488043,0.964683438,0.00048761,0.044947805,0.009265243,0.427,TRUE,3.072154256,0.307025781,12,40,TRUE,Synchronous Migrator,350,600,0,600,TRUE,4.70E-09,3.32,0.255071429,NA,Crustacean,FALSE,Brooks and Saenger 1991,
Nesiarchus nasutus,Gempylidae,11,0.000488043,0.965171481,0.00048761,0.021749125,0.007321308,0,TRUE,2.70584383,0.33102856,9,31,FALSE,Holoepipelagic Nonmigrator,0,200,0,200,TRUE,1.29E-05,3.09,0.221833333,NA,Fish,FALSE,MOCNESS,
Cantherhines pullus,Monacanthidae,10,0.000443675,0.965615156,0.000443282,0.002504878,0.005332305,0,TRUE,3.267542224,0.514810343,12,54,FALSE,Holoepipelagic Nonmigrator,0,200,0,200,TRUE,2.10E-06,2.563,0.221833333,NA,Crustacean,FALSE,MOCNESS,
Astronesthes macropogon,Stomiidae,10,0.000443675,0.966058831,0.000443282,0.011170438,0.00921002,0.0925,TRUE,3.314368334,0.248934621,19,43,TRUE,Synchronous Migrator,400,700,0,200,TRUE,1.04E-06,3.04,1,NA,Crustacean,FALSE,Sutton and Hopkins 1996,Sutton and Hopkins 1996
Scopelogadus mizolepis,Melamphaidae,10,0.000443675,0.966502507,0.000443282,0.011196773,0.012227279,0.427,TRUE,3.492239558,0.574866528,13,83,TRUE,Synchronous Migrator,800,1000,400,600,TRUE,4.00E-07,3.2814,0.098,NA,Crustacean,FALSE,Stickney and Torres 1989,Bartow (2010 unpublished thesis FAU)
Linophrynidae,Linophrynidae,9,0.000399308,0.966901815,0.000398954,0.014556366,0.010325196,0.427,TRUE,2.862842732,0.187397264,11,23,FALSE,Mesopelagic Nonmigrator,900,1000,900,1000,TRUE,3.83E-06,2.92236205,0.221833333,NA,Crustacean,FALSE,MOCNESS,
Teleostei,,9,0.000399308,0.967301122,0.000398954,0.765127206,0.008945881,0,FALSE,NA,NA,15,45,FALSE,Mesopelagic Nonmigrator,200,1000,200,1000,FALSE,2.42E-06,,0.221833333,0.05,Crustacean,FALSE,MOCNESS,
Stephanolepis setifer,Monacanthidae,9,0.000399308,0.96770043,0.000398954,0.017078529,0.036911195,0,TRUE,3.473087809,0.521932441,13,60,FALSE,Holoepipelagic Nonmigrator,0,200,0,200,TRUE,2.04E-06,3.06,0.221833333,NA,Crustacean,FALSE,MOCNESS,
Foetorepus,Callionymidae,9,0.000399308,0.968099738,0.000398954,0.009643337,0.013783967,0,FALSE,NA,NA,10,18,FALSE,Mesopelagic Nonmigrator,200,600,200,600,TRUE,1.36E-06,2.72,0.221833333,NA,Crustacean,FALSE,MOCNESS,
Helicolenus dactylopterus,Scorpaenidae,9,0.000399308,0.968499046,0.000398954,#N/A,0.018509351,0,FALSE,NA,NA,7,24,FALSE,Holoepipelagic Nonmigrator,0,200,0,200,TRUE,9.00E-07,3.1,0.221833333,NA,Crustacean,FALSE,MOCNESS,
Scopelarchidae,Scopelarchidae,9,0.000399308,0.968898354,0.000398954,0.017834866,0.009932543,0,FALSE,NA,NA,17,22,FALSE,Holoepipelagic Nonmigrator,0,200,0,200,TRUE,6.90E-07,3.31,0.255071429,NA,Fish,FALSE,MOCNESS,
Xenolepidichthys dalgleishi,Grammicolepididae,9,0.000399308,0.969297662,0.000398954,0.024784407,0.009222138,0,TRUE,2.64848187,0.477548515,8,52,FALSE,Holoepipelagic Nonmigrator,0,200,0,200,TRUE,1.45E-05,2.891,0.221833333,NA,Crustacean,FALSE,MOCNESS,
Scopelosaurus mauli,Notosudidae,8,0.00035494,0.969652602,0.000354626,0.008407286,0.013382752,0.427,TRUE,3.900041004,0.15087865,40,71,TRUE,Synchronous Migrator,600,1000,200,600,TRUE,3.09E-06,3.5,0.255071429,NA,Crustacean,FALSE,MOCNESS,
Melanonus zugmayeri,Melanonidae,8,0.00035494,0.970007542,0.000354626,0.017157014,0.012643299,0.427,TRUE,4.21994976,0.623159895,30,156,FALSE,Mesopelagic Nonmigrator,600,1000,0,600,TRUE,1.28E-06,2.535019827,0.255071429,NA,Crustacean,FALSE,MOCNESS,
Sudis atrox,Paralepididae,7,0.000310573,0.970318115,0.000310297,0.011506493,0.006753961,0,FALSE,NA,NA,12,39,FALSE,Holoepipelagic Nonmigrator,0,200,0,200,TRUE,3.90E-06,2.928,0.221833333,NA,Fish,FALSE,MOCNESS,
Diaphus rafinesquii,Myctophidae,7,0.000310573,0.970628688,0.000310297,0.009862108,0.007613821,0.2272,FALSE,NA,NA,17,86,A,Asynchronous Migrator,400,500,100,150,TRUE,2.42E-06,3.107,1,NA,Crustacean,FALSE,Gartner et al. 1987,Lopez-Perez et al. 2020
Argyropelecus,Sternoptychidae,7,0.000310573,0.970939261,0.000310297,0.072942023,0.013142693,0.378,FALSE,NA,NA,6,87,FALSE,Mesopelagic Nonmigrator,200,600,200,600,TRUE,2.19E-06,3.37,0.3045,NA,Crustacean,FALSE,MOCNESS,
Xanthichthys ringens,Balistidae,7,0.000310573,0.971249834,0.000310297,0.007691393,#N/A,0,FALSE,NA,NA,9,14,FALSE,Holoepipelagic Nonmigrator,0,200,0,200,TRUE,1.82E-06,2.91,0.221833333,NA,Crustacean,FALSE,MOCNESS,
Gonichthys cocco,Myctophidae,7,0.000310573,0.971560406,0.000310297,0.010929443,0.009629252,0.2272,FALSE,NA,NA,19,51,TRUE,Synchronous Migrator,200,600,0,25,TRUE,1.32E-06,3.15,0.302,NA,Crustacean,FALSE,Gartner et al. 1987,
Antigonia combatia,Caproidae,7,0.000310573,0.971870979,0.000310297,0.029738542,0.010501635,0,FALSE,NA,NA,5,32,FALSE,Holoepipelagic Nonmigrator,0,200,0,200,TRUE,1.22E-06,3.07,0.221833333,NA,Crustacean,FALSE,MOCNESS,
Astronesthes similus,Stomiidae,7,0.000310573,0.972181552,0.000310297,0.007765754,0.007644196,0.0925,FALSE,NA,NA,19,46,A,Asynchronous Migrator,500,700,0,200,TRUE,1.04E-06,3.04,1,NA,Fish,FALSE,Sutton and Hopkins 1996,Sutton and Hopkins 1996
Centropyge aurantonotus,Pomacanthidae,7,0.000310573,0.972492125,0.000310297,0.007074426,0.011258845,0,FALSE,NA,NA,7,13,FALSE,Holoepipelagic Nonmigrator,0,200,0,200,TRUE,8.50E-07,2.56,0.221833333,NA,Crustacean,FALSE,MOCNESS,
Echiostoma barbatum,Stomiidae,7,0.000310573,0.972802698,0.000310297,0.016199648,0.007715463,0.0925,FALSE,NA,NA,31,320,TRUE,Synchronous Migrator,900,1000,0,300,TRUE,5.00E-07,2.74,1,NA,Fish,FALSE,Sutton and Hopkins 1996,Sutton and Hopkins 1996
Chiasmodon niger complex,Chiasmodontidae,7,0.000310573,0.97311327,0.000310297,0.01096427,0.009523464,0,TRUE,3.541405903,0.377572467,16,53,FALSE,Mesopelagic Nonmigrator,200,1000,200,1000,TRUE,4.70E-07,2.898,0.221833333,NA,Fish,FALSE,MOCNESS,
Malacosteus niger,Stomiidae,7,0.000310573,0.973423843,0.000310297,0.009088812,0.011551791,0.0925,TRUE,4.002417308,0.442526624,28,100,FALSE,Mesopelagic Nonmigrator,500,700,500,700,TRUE,4.24E-07,3.03,1,NA,Fish,FALSE,Sutton and Hopkins 1996,Sutton and Hopkins 1996
Bathophilus pawneei,Stomiidae,7,0.000310573,0.973734416,0.000310297,0.008828586,0.008822614,0.0925,TRUE,3.39255345,0.183258954,25,48,A,Asynchronous Migrator,500,700,0,200,TRUE,4.24E-07,3.03,1,NA,Fish,FALSE,Sutton and Hopkins 1996,Sutton and Hopkins 1996
Stylephorus chordatus,Stylephoridae,7,0.000310573,0.974044989,0.000310297,0.008699966,0.01035372,0,TRUE,4.747735648,0.694139466,25,100,FALSE,Mesopelagic Nonmigrator,200,600,200,600,TRUE,5.10E-06,3.186259692,0.221833333,NA,Crustacean,FALSE,MOCNESS,
Diodon holocanthus,Diodontidae,7,0.000310573,0.974355561,0.000310297,#N/A,#N/A,0,FALSE,NA,NA,8,18,FALSE,Holoepipelagic Nonmigrator,0,200,0,200,TRUE,4.65E-06,2.83,0.221833333,NA,Crustacean,FALSE,MOCNESS,
Hygophum reinhardtii,Myctophidae,6,0.000266205,0.974621767,0.000265969,0.011527629,0.009867499,0.2272,FALSE,NA,NA,18,45,A,Asynchronous Migrator,550,700,100,150,TRUE,1.92E-06,3.15,0.138,NA,Crustacean,FALSE,Gartner et al. 1987,
Diaphus perspicillatus,Myctophidae,6,0.000266205,0.974887972,0.000265969,0.009426662,0.006915858,0.2272,FALSE,NA,NA,21,69,TRUE,Synchronous Migrator,300,600,100,125,TRUE,1.32E-06,3.137,0.236,NA,Crustacean,FALSE,Gartner et al. 1987; Hopkins and Gartner 1992,
Cubiceps pauciradiatus,Nomeidae,6,0.000266205,0.975154177,0.000265969,0.058055745,0.008712623,0,TRUE,2.824626829,0.218879393,13,24,FALSE,Holoepipelagic Nonmigrator,0,200,0,200,TRUE,1.31E-06,2.949,0.221833333,NA,Crustacean,FALSE,MOCNESS,
Alepisaurus ferox,Alepisauridae,6,0.000266205,0.975420382,0.000265969,0.012136148,0.013219146,0.15,TRUE,2.734655482,0.195301599,11,22,FALSE,Mesopelagic Nonmigrator,600,1000,600,1000,TRUE,8.50E-07,3,0.221833333,NA,Fish,FALSE,MOCNESS,
Anoplogaster cornuta,Anoplogastridae,6,0.000266205,0.975686588,0.000265969,0.007983363,0.011589937,0.15,FALSE,NA,NA,35,153,FALSE,Mesopelagic Nonmigrator,600,950,600,950,TRUE,8.40E-07,3,0.229,NA,Fish,FALSE,Stickney and Torres 1989,
Ichthyococcus ovatus,Phosichthyidae,6,0.000266205,0.975952793,0.000265969,0.010338519,0.010514649,0,FALSE,NA,NA,8,39,FALSE,Mesopelagic Nonmigrator,200,600,200,600,TRUE,7.80E-07,3.32,0.221833333,NA,Crustacean,FALSE,MOCNESS,
Cetostoma regani,Cetomimidae,6,0.000266205,0.976218998,0.000265969,0.010413919,0.014680668,0.427,FALSE,NA,NA,50,110,FALSE,Mesopelagic Nonmigrator,900,1000,900,1000,TRUE,7.00E-07,3.103,0.255071429,NA,Crustacean,FALSE,MOCNESS,
Chilorhinus suensonii,Chlopsidae,6,0.000266205,0.976485203,0.000265969,0.008762561,0.010594507,0,FALSE,NA,NA,27,47,FALSE,Holoepipelagic Nonmigrator,0,200,0,200,TRUE,6.20E-07,3.00E+00,0.221833333,NA,Crustacean,FALSE,MOCNESS,
Aristostomias xenostoma,Stomiidae,6,0.000266205,0.976751409,0.000265969,0.009791849,0.009938403,0.0925,FALSE,NA,NA,31,73,TRUE,Synchronous Migrator,400,700,0,200,TRUE,4.24E-07,3.03,1,NA,Fish,FALSE,Sutton and Hopkins 1996,Sutton and Hopkins 1996
Gonostoma atlanticum,Gonostomatidae,6,0.000266205,0.977017614,0.000265969,0.029118842,0.010489387,0.1434,TRUE,3.143888583,0.472709127,12,67,TRUE,Synchronous Migrator,200,600,0,200,TRUE,4.12E-07,2.88,0.321,NA,Crustacean,FALSE,MOCNESS,
Diaphus termophilus,Myctophidae,6,0.000266205,0.977283819,0.000265969,0.01721569,0.012164362,0.2272,TRUE,3.127356792,0.29501892,15,37,TRUE,Synchronous Migrator,200,600,75,150,TRUE,3.48E-05,3.02,0.236,NA,Crustacean,FALSE,Gartner et al. 1987,
Thunnus atlanticus,Scombridae,6,0.000266205,0.977550024,0.000265969,#N/A,0.014164533,0,FALSE,NA,NA,6.82,9.69,FALSE,Holoepipelagic Nonmigrator,0,200,0,200,TRUE,7.66E-06,3.04,0.221833333,NA,Fish,FALSE,MOCNESS,
Apogon,Apogonidae,6,0.000266205,0.97781623,0.000265969,0.009509998,0.01068831,0,FALSE,NA,NA,14,18,FALSE,Holoepipelagic Nonmigrator,0,200,0,200,TRUE,5.90E-06,3.08,0.221833333,NA,Crustacean,FALSE,MOCNESS,
Centrobranchus nigroocellatus,Myctophidae,6,0.000266205,0.978082435,0.000265969,0.012121127,0.010901613,0.2272,FALSE,NA,NA,22,39,TRUE,Synchronous Migrator,400,550,0,25,TRUE,5.10E-06,3.15,0.305,NA,Crustacean,FALSE,Gartner et al. 1987; Hopkins and Gartner 1992,
Symphysanodon berryi,Symphysanodontidae,6,0.000266205,0.97834864,0.000265969,0.007791356,0.008939596,0,FALSE,NA,NA,8,23,FALSE,Holoepipelagic Nonmigrator,0,200,0,200,TRUE,4.14E-06,3.078,0.221833333,NA,Crustacean,FALSE,MOCNESS,
Nealotus tripes,Gempylidae,5,0.000221838,0.978570478,0.000221641,0.010788394,0.004302752,0,FALSE,NA,NA,9,40,TRUE,Synchronous Migrator,200,600,0,200,TRUE,2.88E-06,3.216,0.255071429,NA,Fish,FALSE,MOCNESS,
Platytroctidae,Platytroctidae,5,0.000221838,0.978792316,0.000221641,0.013091678,0.014290456,0.427,FALSE,NA,NA,16,25,FALSE,Mesopelagic Nonmigrator,600,1000,600,1000,TRUE,2.57E-06,2.33831,0.221833333,NA,Crustacean,FALSE,MOCNESS,
Poecilopsetta,Poecilopsettidae,5,0.000221838,0.979014153,0.000221641,0.014718851,0.008121576,0,FALSE,NA,NA,17,60,FALSE,Holoepipelagic Nonmigrator,0,200,0,200,TRUE,1.60E-06,3.04,0.221833333,NA,Crustacean,FALSE,MOCNESS,
Antennariidae,Antennariidae,5,0.000221838,0.979235991,0.000221641,#N/A,0.009502876,0,FALSE,NA,NA,7,15,FALSE,Holoepipelagic Nonmigrator,0,200,0,200,TRUE,1.32E-06,3,0.221833333,NA,Crustacean,FALSE,MOCNESS,
Diaphus brachycephalus,Myctophidae,5,0.000221838,0.979457829,0.000221641,0.016110575,0.007806544,0.2272,TRUE,3.453690726,0.368818548,12,41,TRUE,Synchronous Migrator,350,600,125,200,TRUE,1.31E-06,3.339,1,NA,Crustacean,FALSE,Gartner et al. 1987,Lopez-Perez et al. 2020
Scopeloberyx rubriventer,Melamphaidae,5,0.000221838,0.979679666,0.000221641,0.016269033,0.015538262,0.427,FALSE,NA,NA,14,22,FALSE,Mesopelagic Nonmigrator,600,1000,600,1000,TRUE,1.17E-06,3.2,0.098,NA,Crustacean,FALSE,MOCNESS,
Polyipnus,Sternoptychidae,5,0.000221838,0.979901504,0.000221641,0.01637484,0.012606564,0.378,FALSE,NA,NA,13,13,FALSE,Mesopelagic Nonmigrator,200,600,200,600,TRUE,1.10E-06,2.55,0.2972,NA,Crustacean,FALSE,MOCNESS,
Nannobrachium cuprarium,Myctophidae,5,0.000221838,0.980123342,0.000221641,0.011347509,0.01336533,0.2272,TRUE,3.684264117,0.2609842,26,67,FALSE,Mesopelagic Nonmigrator,600,1000,600,1000,TRUE,1.03E-06,3.25,0.2352,NA,Crustacean,FALSE,Gartner et al. 1987,
Melanocetus,Melanocetidae,5,0.000221838,0.980345179,0.000221641,0.010113773,0.009282287,0.15,FALSE,NA,NA,8,25,FALSE,Mesopelagic Nonmigrator,600,1000,600,1000,TRUE,8.70E-07,0.613717775,0.221833333,NA,Fish,FALSE,MOCNESS,
Brama,Bramidae,5,0.000221838,0.980567017,0.000221641,0.007548943,0.007166565,0,FALSE,NA,NA,8,30,FALSE,Holoepipelagic Nonmigrator,0,200,0,200,TRUE,6.60E-07,3.02,0.221833333,NA,Crustacean,FALSE,MOCNESS,
Moringua edwardsi,Moringuidae,5,0.000221838,0.980788855,0.000221641,0.008915216,0.007718444,0,FALSE,NA,NA,32,50,FALSE,Holoepipelagic Nonmigrator,0,200,0,200,FALSE,5.80E-07,,0.221833333,0.05,Crustacean,FALSE,MOCNESS,
Photonectes leucospilus,Stomiidae,5,0.000221838,0.981010693,0.000221641,0.006799089,0.009851088,0.0925,FALSE,NA,NA,25,53,TRUE,Synchronous Migrator,200,600,0,200,TRUE,4.24E-07,3.03,1,NA,Fish,FALSE,MOCNESS,Sutton and Hopkins 1996
Myctophum nitidulum,Myctophidae,5,0.000221838,0.98123253,0.000221641,0.011856503,0.013690096,0.2272,FALSE,NA,NA,19,44,A,Asynchronous Migrator,600,1000,0,25,TRUE,8.40E-08,3.308,1,NA,Crustacean,FALSE,Gartner et al. 1987,Lopez-Perez et al. 2020
Lampanyctus tenuiformis,Myctophidae,5,0.000221838,0.981454368,0.000221641,0.011032066,0.019368787,0.2272,FALSE,NA,NA,22,30,TRUE,Synchronous Migrator,600,1000,100,150,TRUE,7.40E-06,3.06,0.287,NA,Crustacean,FALSE,Gartner et al. 1987,
Diaphus taaningi,Myctophidae,5,0.000221838,0.981676206,0.000221641,0.009054843,0.007598711,0.2272,FALSE,NA,NA,36,72,TRUE,Synchronous Migrator,400,500,75,100,TRUE,4.51E-06,3.02,0.236,NA,Crustacean,FALSE,Gartner et al. 1987; Hopkins and Gartner 1992,
Argyropelecus sladeni,Sternoptychidae,5,0.000221838,0.981898043,0.000221641,0.015192862,0.009968191,0.378,FALSE,NA,NA,14,41,FALSE,Mesopelagic Nonmigrator,200,600,200,600,TRUE,4.14E-06,2.95,1,NA,Crustacean,FALSE,MOCNESS,Lopez-Perez et al. 2020
Polymixia lowei,Polymixiidae,4,0.00017747,0.982075514,0.000177313,0.013784273,0.007647112,0,FALSE,NA,NA,13,42,FALSE,Holoepipelagic Nonmigrator,0,200,0,200,TRUE,2.20E-06,3.06,0.221833333,NA,Crustacean,FALSE,MOCNESS,
Bathylagidae,Bathylagidae,4,0.00017747,0.982252984,0.000177313,0.012343077,0.009835845,0,FALSE,NA,NA,22,29,FALSE,Mesopelagic Nonmigrator,200,1000,200,1000,TRUE,2.20E-06,3.13,0.235,NA,Gelatinous,FALSE,MOCNESS,
Scopelarchoides danae,Scopelarchidae,4,0.00017747,0.982430454,0.000177313,0.012153248,0.009297715,0,FALSE,NA,NA,20,58,TRUE,Synchronous Migrator,200,1000,0,200,TRUE,1.29E-06,3.31,0.255071429,NA,Fish,FALSE,MOCNESS,
Astronesthes richardsoni,Stomiidae,4,0.00017747,0.982607924,0.000177313,0.009741343,0.007676357,0.0925,FALSE,NA,NA,23,68,A,Asynchronous Migrator,200,1000,0,200,TRUE,1.04E-06,3.04,1,NA,Crustacean,FALSE,MOCNESS,Sutton and Hopkins 1996
Astronesthes,Stomiidae,4,0.00017747,0.982785394,0.000177313,0.013553785,0.010993917,0.0925,FALSE,NA,NA,18,30,A,Asynchronous Migrator,200,1000,0,200,TRUE,1.04E-06,3.04,1,NA,Crustacean,FALSE,MOCNESS,Sutton and Hopkins 1996
Lobianchia dofleini,Myctophidae,4,0.00017747,0.982962864,0.000177313,0.006153195,0.009898315,0.2272,FALSE,NA,NA,14,26,TRUE,Synchronous Migrator,100,750,0,100,TRUE,9.00E-07,3.448,1,NA,Crustacean,FALSE,Gartner et al. 1987,Lopez-Perez et al. 2020
Gigantura,Giganturidae,4,0.00017747,0.983140335,0.000177313,0.010200408,0.01158191,0.15,FALSE,NA,NA,10,29,FALSE,Mesopelagic Nonmigrator,600,1000,600,1000,TRUE,8.50E-07,0.5193,0.221833333,NA,Fish,FALSE,MOCNESS,
Fistularia,Fistulariidae,4,0.00017747,0.983317805,0.000177313,0.005988666,0.018422807,0,FALSE,NA,NA,55,70,FALSE,Holoepipelagic Nonmigrator,0,200,0,200,TRUE,7.80E-07,2.84,0.221833333,NA,Crustacean,FALSE,MOCNESS,
Canthidermis sufflamen,Balistidae,4,0.00017747,0.983495275,0.000177313,0.008054729,#N/A,0,FALSE,NA,NA,16,25,FALSE,Holoepipelagic Nonmigrator,0,200,0,200,TRUE,6.60E-07,3.300255125,0.221833333,NA,Crustacean,FALSE,MOCNESS,
Chaetodon,Chaetodontidae,4,0.00017747,0.983672745,0.000177313,0.007732406,0.006469414,0,FALSE,NA,NA,7,15,FALSE,Holoepipelagic Nonmigrator,0,200,0,200,TRUE,6.20E-07,3.01,0.221833333,NA,Crustacean,FALSE,MOCNESS,
Bathophilus digitatus,Stomiidae,4,0.00017747,0.983850215,0.000177313,0.006551957,0.012773863,0.0925,FALSE,NA,NA,28,73,TRUE,Synchronous Migrator,200,600,0,200,TRUE,4.24E-07,3.03,1,NA,Fish,FALSE,MOCNESS,Sutton and Hopkins 1996
Aristostomias,Stomiidae,4,0.00017747,0.984027685,0.000177313,0.014175229,0.011983279,0.0925,FALSE,NA,NA,32,32,FALSE,Mesopelagic Nonmigrator,600,1000,600,1000,TRUE,4.24E-07,3.03,1,NA,Fish,FALSE,MOCNESS,Sutton and Hopkins 1996
Trachurus lathami,Carangidae,4,0.00017747,0.984205156,0.000177313,0.048066714,0.011512273,0,FALSE,NA,NA,22,77,FALSE,Holoepipelagic Nonmigrator,0,200,0,200,TRUE,7.40E-08,3.03,0.221833333,NA,Crustacean,FALSE,MOCNESS,
Ditropichthys storeri,Cetomimidae,4,0.00017747,0.984382626,0.000177313,0.009576896,0.013787522,0.427,FALSE,NA,NA,29,54,FALSE,Mesopelagic Nonmigrator,600,1000,600,1000,TRUE,2.42E-05,3.255,0.221833333,NA,Crustacean,FALSE,MOCNESS,
Apogonidae,Apogonidae,4,0.00017747,0.984560096,0.000177313,#N/A,0.01641145,0,FALSE,NA,NA,9,15,FALSE,Holoepipelagic Nonmigrator,0,200,0,200,TRUE,2.18E-05,3.13,0.221833333,NA,Crustacean,FALSE,MOCNESS,
Nannobrachium atrum,Myctophidae,4,0.00017747,0.984737566,0.000177313,0.011625579,0.007740078,0.2272,FALSE,NA,NA,27,87,TRUE,Synchronous Migrator,200,850,0,200,TRUE,1.43E-05,3,0.2352,NA,Crustacean,FALSE,Gartner et al. 1987,
"Poromitra ""Gibbsi"" Keene undescribed JM1",Melamphaidae,4,0.00017747,0.984915036,0.000177313,0.013627573,0.008535559,0.427,FALSE,NA,NA,23,101,FALSE,Mesopelagic Nonmigrator,600,1000,600,1000,TRUE,6.17E-06,3.2,0.294,NA,Crustacean,FALSE,MOCNESS,
Nezumia,Macrouridae,4,0.00017747,0.985092506,0.000177313,0.009651673,0.012158014,0.427,FALSE,NA,NA,26,73,FALSE,Mesopelagic Nonmigrator,600,1000,600,1000,TRUE,5.90E-06,2.93,0.221833333,NA,Crustacean,FALSE,MOCNESS,
Epigonus,Epigonidae,4,0.00017747,0.985269976,0.000177313,0.010380963,0.00629878,0,FALSE,NA,NA,13,29,FALSE,Holoepipelagic Nonmigrator,0,200,0,200,TRUE,4.60E-06,3.18,0.221833333,NA,Crustacean,FALSE,MOCNESS,
Epigonus pandionis,Epigonidae,4,0.00017747,0.985447447,0.000177313,0.008739687,0.007722671,0,FALSE,NA,NA,12,21,FALSE,Holoepipelagic Nonmigrator,0,200,0,200,TRUE,4.57E-06,3.26,0.221833333,NA,Crustacean,FALSE,MOCNESS,
Cookeolus japonicus,Priacanthidae,4,0.00017747,0.985624917,0.000177313,#N/A,0.007560965,0,FALSE,NA,NA,7,22,FALSE,Holoepipelagic Nonmigrator,0,200,0,200,TRUE,4.37E-06,2.84,0.221833333,NA,Crustacean,FALSE,MOCNESS,
Psenes,Nomeidae,4,0.00017747,0.985802387,0.000177313,0.011843055,0.006861805,0,TRUE,2.344499132,0.144429259,8,14,FALSE,Holoepipelagic Nonmigrator,0,200,0,200,TRUE,4.27E-06,2.73,0.221833333,NA,Crustacean,FALSE,MOCNESS,
Anthias,Serranidae,4,0.00017747,0.985979857,0.000177313,0.008556673,0.015478657,0,FALSE,NA,NA,15,21,FALSE,Holoepipelagic Nonmigrator,0,200,0,200,TRUE,3.98E-06,2.611,0.221833333,NA,Crustacean,FALSE,MOCNESS,
Pristigenys alta,Priacanthidae,3,0.000133103,0.98611296,0.000132985,0.006687201,0.014983541,0,FALSE,NA,NA,10,20,FALSE,Holoepipelagic Nonmigrator,0,200,0,200,TRUE,2.57E-06,2.84,0.221833333,NA,Crustacean,FALSE,MOCNESS,
Bramidae,Bramidae,3,0.000133103,0.986246062,0.000132985,0.01971852,0.006025438,0,FALSE,NA,NA,8,12,FALSE,Holoepipelagic Nonmigrator,0,200,0,200,TRUE,2.15E-06,3.02,0.221833333,NA,Crustacean,FALSE,MOCNESS,
Melanolagus bericoides,Bathylagidae,3,0.000133103,0.986379165,0.000132985,0.009487225,0.011388829,0,FALSE,NA,NA,30,162,FALSE,Mesopelagic Nonmigrator,200,1000,200,1000,TRUE,2.04E-06,3,0.235,NA,Gelatinous,FALSE,MOCNESS,
Thunnus,Scombridae,3,0.000133103,0.986512268,0.000132985,#N/A,0.021697533,0,FALSE,NA,NA,9.76,14.59,FALSE,Holoepipelagic Nonmigrator,0,200,0,200,TRUE,2.04E-06,2.89,0.221833333,NA,Fish,FALSE,MOCNESS,
Parasudis truculenta,Chlorophthalmidae,3,0.000133103,0.98664537,0.000132985,0.010333898,0.007917485,0,FALSE,NA,NA,24,52,FALSE,Holoepipelagic Nonmigrator,0,200,0,200,TRUE,1.36E-06,3.239,0.221833333,NA,Crustacean,FALSE,MOCNESS,
Melanostomias tentaculatus,Stomiidae,3,0.000133103,0.986778473,0.000132985,0.009056079,0.010037148,0.0925,FALSE,NA,NA,34,205,FALSE,Mesopelagic Nonmigrator,200,600,200,600,TRUE,5.00E-07,2.74,1,NA,Fish,FALSE,MOCNESS,Sutton and Hopkins 1996
Leptostomias,Stomiidae,3,0.000133103,0.986911575,0.000132985,0.010314213,0.013026791,0.0925,FALSE,NA,NA,37,72,FALSE,Mesopelagic Nonmigrator,200,300,200,300,TRUE,5.00E-07,2.74,1,NA,Fish,FALSE,Sutton and Hopkins 1996,Sutton and Hopkins 1996
Leptostomias bermudensis,Stomiidae,3,0.000133103,0.987044678,0.000132985,0.008066051,0.014756706,0.0925,FALSE,NA,NA,57,74,TRUE,Synchronous Migrator,600,1000,0,200,TRUE,5.00E-07,2.74,1,NA,Fish,FALSE,MOCNESS,Sutton and Hopkins 1996
Diaphus subtilis,Myctophidae,3,0.000133103,0.987177781,0.000132985,0.011947183,0.010806215,0.2272,FALSE,NA,NA,20,77,A,Asynchronous Migrator,400,600,100,325,TRUE,8.50E-09,3.02,0.236,NA,Crustacean,FALSE,Gartner et al. 1987,
Bembrops,Percophidae,3,0.000133103,0.987310883,0.000132985,0.014463651,0.007209281,0,FALSE,NA,NA,11,14,TRUE,Synchronous Migrator,0,200,0,200,TRUE,4.82E-04,3.07,0.255071429,NA,Crustacean,FALSE,MOCNESS,
Lampanyctus festivus,Myctophidae,3,0.000133103,0.987443986,0.000132985,0.01514578,0.01503519,0.2272,FALSE,NA,NA,21,46,FALSE,Mesopelagic Nonmigrator,600,1000,600,1000,TRUE,4.12E-04,3.06,0.287,NA,Crustacean,FALSE,Gartner et al. 1987,
Himantolophidae,Himantolophidae,3,0.000133103,0.987577089,0.000132985,#N/A,0.01292337,0.427,FALSE,NA,NA,11,25,FALSE,Mesopelagic Nonmigrator,600,1000,600,1000,TRUE,4.12E-04,1.165196256,0.221833333,NA,Crustacean,FALSE,MOCNESS,
Gigantura indica,Giganturidae,3,0.000133103,0.987710191,0.000132985,0.009207634,0.009695435,0.427,FALSE,NA,NA,51,60,FALSE,Mesopelagic Nonmigrator,600,1000,600,1000,TRUE,3.50E-04,2.315251046,0.221833333,NA,Crustacean,FALSE,MOCNESS,
Dolichopteryx longipes,Opisthoproctidae,3,0.000133103,0.987843294,0.000132985,0.008168724,0.012790974,0,FALSE,NA,NA,50,105,FALSE,Mesopelagic Nonmigrator,200,600,200,600,FALSE,2.57E-04,,0.221833333,0.05,Fish,FALSE,MOCNESS,
Caranx bartholomaei,Carangidae,3,0.000133103,0.987976396,0.000132985,0.009781779,0.011186714,0,FALSE,NA,NA,7,26,FALSE,Holoepipelagic Nonmigrator,0,200,0,200,TRUE,2.37E-04,2.8,0.221833333,NA,Crustacean,FALSE,MOCNESS,
Canthidermis maculata,Balistidae,3,0.000133103,0.988109499,0.000132985,#N/A,#N/A,0,FALSE,NA,NA,5,29,FALSE,Holoepipelagic Nonmigrator,0,200,0,200,TRUE,2.20E-04,2.84,0.221833333,NA,Crustacean,FALSE,MOCNESS,
Cyclopsetta,Paralichthyidae,3,0.000133103,0.988242602,0.000132985,0.011639592,0.016514534,0,FALSE,NA,NA,12,19,FALSE,Holoepipelagic Nonmigrator,0,200,0,200,TRUE,2.20E-04,3.15,0.221833333,NA,Crustacean,FALSE,MOCNESS,
Desmodema polystictum,Trachipteridae,3,0.000133103,0.988375704,0.000132985,#N/A,0.012272734,0,FALSE,NA,NA,20,29,FALSE,Holoepipelagic Nonmigrator,0,200,0,200,TRUE,2.19E-04,2.951242424,0.221833333,NA,Crustacean,FALSE,MOCNESS,
Caulolatilus,Malacanthidae,3,0.000133103,0.988508807,0.000132985,0.04026841,0.0059838,0,FALSE,NA,NA,11,15,FALSE,Holoepipelagic Nonmigrator,0,200,0,200,TRUE,1.79E-04,3.13,0.221833333,NA,Crustacean,FALSE,MOCNESS,
Baldwinella aureorubens,Serranidae,3,0.000133103,0.98864191,0.000132985,#N/A,0.015625759,0,FALSE,NA,NA,18,25,FALSE,Holoepipelagic Nonmigrator,0,200,0,200,TRUE,1.61E-04,3.15,0.221833333,NA,Crustacean,FALSE,MOCNESS,
Oneirodes,Oneirodidae,3,0.000133103,0.988775012,0.000132985,0.007125815,0.011264567,0.427,FALSE,NA,NA,14,23,FALSE,Mesopelagic Nonmigrator,900,1000,900,1000,TRUE,1.41E-04,2.421,0.221833333,NA,Crustacean,FALSE,MOCNESS,
Diodontidae,Diodontidae,3,0.000133103,0.988908115,0.000132985,#N/A,0.010276407,0,FALSE,NA,NA,5,5,FALSE,Holoepipelagic Nonmigrator,0,200,0,200,TRUE,1.03E-04,2.79,0.221833333,NA,Crustacean,FALSE,MOCNESS,
Taaningichthys,Myctophidae,3,0.000133103,0.989041217,0.000132985,0.008550384,#N/A,0.2272,FALSE,NA,NA,24,26,FALSE,Mesopelagic Nonmigrator,600,1000,600,1000,TRUE,9.30E-05,3.15,0.115,NA,Crustacean,FALSE,Gartner et al. 1987,
Liopropoma,Serranidae,3,0.000133103,0.98917432,0.000132985,0.012559177,0.008632944,0,FALSE,NA,NA,10,20,FALSE,Holoepipelagic Nonmigrator,0,200,0,200,TRUE,8.50E-05,3.03,0.221833333,NA,Crustacean,FALSE,MOCNESS,
Dicrolene introniger,Ophidiidae,3,0.000133103,0.989307423,0.000132985,#N/A,0.009991762,0.427,FALSE,NA,NA,30,37,FALSE,Mesopelagic Nonmigrator,600,1000,600,1000,TRUE,6.60E-05,3.18,0.221833333,NA,Crustacean,FALSE,MOCNESS,
Dicrolene,Ophidiidae,3,0.000133103,0.989440525,0.000132985,0.007995613,0.012082892,0.427,FALSE,NA,NA,34,37,FALSE,Mesopelagic Nonmigrator,600,1000,600,1000,TRUE,4.80E-05,3.18,0.221833333,NA,Crustacean,FALSE,MOCNESS,
Paralepididae,Paralepididae,3,0.000133103,0.989573628,0.000132985,0.017270659,0.008592288,0,FALSE,NA,NA,13,36,FALSE,Mesopelagic Nonmigrator,200,1000,200,1000,TRUE,2.18E-05,2.95,0.221833333,NA,Fish,FALSE,MOCNESS,
Antigonia capros,Caproidae,3,0.000133103,0.989706731,0.000132985,0.005772894,0.007428497,0,FALSE,NA,NA,12,15,FALSE,Holoepipelagic Nonmigrator,0,200,0,200,TRUE,1.35E-05,2.85,0.221833333,NA,Crustacean,FALSE,MOCNESS,
Pseudoscopelus,Chiasmodontidae,3,0.000133103,0.989839833,0.000132985,#N/A,0.008684341,0.15,FALSE,NA,NA,14,100,TRUE,Synchronous Migrator,600,1000,0,600,TRUE,1.07E-05,2.898,0.255071429,NA,Fish,FALSE,MOCNESS,
Synodus,Synodontidae,3,0.000133103,0.989972936,0.000132985,#N/A,0.012308587,0,FALSE,NA,NA,26,27,FALSE,Holoepipelagic Nonmigrator,0,200,0,200,TRUE,1.07E-05,3.2,0.221833333,NA,Crustacean,FALSE,MOCNESS,
Diaphus problematicus,Myctophidae,3,0.000133103,0.990106038,0.000132985,0.020815668,0.008235121,0.2272,FALSE,NA,NA,49,59,TRUE,Synchronous Migrator,400,550,80,150,TRUE,4.37E-06,2.82,1,NA,Crustacean,FALSE,Gartner et al. 1987,Lopez-Perez et al. 2020
Ceratias,Ceratiidae,2,8.87E-05,0.990194774,8.87E-05,0.00941967,0.011514948,0.15,FALSE,NA,NA,38,48,FALSE,Mesopelagic Nonmigrator,600,1000,600,1000,TRUE,2.37E-06,3.051,0.221833333,NA,Cephalopod,FALSE,MOCNESS,
Barbourisia rufa,Barbourisiidae,2,8.87E-05,0.990283509,8.87E-05,#N/A,0.010299611,0.427,FALSE,NA,NA,20,159,FALSE,Mesopelagic Nonmigrator,600,1000,600,1000,TRUE,1.36E-06,3,0.221833333,NA,Crustacean,FALSE,MOCNESS,
Pseudoscopelus scriptus,Chiasmodontidae,2,8.87E-05,0.990372244,8.87E-05,0.007936607,0.008413411,0,FALSE,NA,NA,11,16,FALSE,Holoepipelagic Nonmigrator,0,200,0,200,TRUE,1.36E-06,2.898,0.221833333,NA,Fish,FALSE,MOCNESS,
Borostomias,Stomiidae,2,8.87E-05,0.990460979,8.87E-05,0.007299759,0.010284174,0.0925,FALSE,NA,NA,36,36,FALSE,Mesopelagic Nonmigrator,200,900,200,900,TRUE,1.04E-06,3.04,1,NA,Fish,FALSE,Sutton and Hopkins 1996,Sutton and Hopkins 1996
Astronesthes micropogon,Stomiidae,2,8.87E-05,0.990549714,8.87E-05,0.011273662,0.012701702,0.0925,FALSE,NA,NA,25,46,TRUE,Synchronous Migrator,400,700,0,200,TRUE,1.04E-06,3.04,1,NA,Crustacean,FALSE,Sutton and Hopkins 1996,Sutton and Hopkins 1996
Astronesthes oligoa,Stomiidae,2,8.87E-05,0.990638449,8.87E-05,0.00885273,0.008409292,0.0925,FALSE,NA,NA,25,102,A,Asynchronous Migrator,600,1000,0,200,TRUE,1.04E-06,3.04,1,NA,Crustacean,FALSE,MOCNESS,Sutton and Hopkins 1996
Astronesthes undescribed TS1,Stomiidae,2,8.87E-05,0.990727184,8.87E-05,0.009376032,0.010929659,0.0925,FALSE,NA,NA,18,69,A,Asynchronous Migrator,200,1000,0,200,TRUE,1.04E-06,3.04,1,NA,Fish,FALSE,MOCNESS,Sutton and Hopkins 1996
Scopelarchus guentheri,Scopelarchidae,2,8.87E-05,0.990815919,8.87E-05,0.016722856,0.01027619,0,FALSE,NA,NA,51,58,TRUE,Synchronous Migrator,200,600,0,200,TRUE,1.01E-06,3.31,0.255071429,NA,Fish,FALSE,MOCNESS,
Evermannella melanoderma,Evermannellidae,2,8.87E-05,0.990904654,8.87E-05,#N/A,0.010160005,0.15,FALSE,NA,NA,24,27,TRUE,Synchronous Migrator,600,1000,0,200,TRUE,9.60E-07,3.009,0.255071429,NA,Cephalopod,FALSE,MOCNESS,
Odontostomops normalops,Evermannellidae,2,8.87E-05,0.990993389,8.87E-05,0.007018551,0.00943075,0.15,FALSE,NA,NA,24,45,TRUE,Synchronous Migrator,600,1000,0,600,TRUE,9.60E-07,3.009,0.255071429,NA,Cephalopod,FALSE,MOCNESS,
Centrophryne spinulosa,Centrophrynidae,2,8.87E-05,0.991082124,8.87E-05,#N/A,#N/A,0.427,FALSE,NA,NA,32,36,FALSE,Mesopelagic Nonmigrator,600,1000,600,1000,TRUE,9.30E-07,3.17,0.221833333,NA,Crustacean,FALSE,MOCNESS,
Katsuwonus pelamis,Scombridae,2,8.87E-05,0.991170859,8.87E-05,#N/A,0.00764919,0,FALSE,NA,NA,8.77,10.55,FALSE,Holoepipelagic Nonmigrator,0,200,0,200,TRUE,7.40E-07,3.26,0.221833333,NA,Fish,FALSE,MOCNESS,
Idiacanthus fasciola,Stomiidae,2,8.87E-05,0.991259594,8.87E-05,0.011668037,0.003296811,0.0925,FALSE,NA,NA,30,294,A,Asynchronous Migrator,600,1000,0,200,TRUE,5.00E-07,2.74,1,NA,Fish,FALSE,Sutton and Hopkins 1996,Sutton and Hopkins 1996
Eustomias schmidti,Stomiidae,2,8.87E-05,0.99134833,8.87E-05,0.009114543,0.009125482,0.0925,FALSE,NA,NA,63,250,A,Asynchronous Migrator,500,700,0,200,TRUE,5.00E-07,2.74,1,NA,Fish,FALSE,Sutton and Hopkins 1996,Sutton and Hopkins 1996
Eustomias variabilis,Stomiidae,2,8.87E-05,0.991437065,8.87E-05,#N/A,0.010481298,0.0925,FALSE,NA,NA,71,74,TRUE,Synchronous Migrator,200,600,0,200,TRUE,5.00E-07,2.74,1,NA,Fish,FALSE,MOCNESS,Sutton and Hopkins 1996
Flagellostomias boureei,Stomiidae,2,8.87E-05,0.9915258,8.87E-05,0.008556309,0.01355676,0.0925,FALSE,NA,NA,44,110,TRUE,Synchronous Migrator,600,1000,0,200,TRUE,5.00E-07,2.74,1,NA,Fish,FALSE,Sutton and Hopkins 1996,Sutton and Hopkins 1996
Bathophilus proximus,Stomiidae,2,8.87E-05,0.991614535,8.87E-05,0.008768437,0.01101362,0.0925,FALSE,NA,NA,26,28,FALSE,Mesopelagic Nonmigrator,200,600,200,600,TRUE,4.24E-07,3.03,1,NA,Fish,FALSE,MOCNESS,Sutton and Hopkins 1996
Photostomias goodyeari,Stomiidae,2,8.87E-05,0.99170327,8.87E-05,0.0148866,0.00563494,0.0925,FALSE,NA,NA,52,73,TRUE,Synchronous Migrator,600,1000,200,600,TRUE,3.89E-07,2.94,1,NA,Crustacean,FALSE,MOCNESS,Sutton and Hopkins 1996
Chlopsis dentatus,Chlopsidae,2,8.87E-05,0.991792005,8.87E-05,0.006741976,0.00723668,0,FALSE,NA,NA,39,45,FALSE,Holoepipelagic Nonmigrator,0,200,0,200,FALSE,0.00E+00,0,0.221833333,0.05,Crustacean,FALSE,MOCNESS,
Lagocephalus,Tetraodontidae,2,8.87E-05,0.99188074,8.87E-05,0.011318567,0.017312045,0,FALSE,NA,NA,11,12,FALSE,Holoepipelagic Nonmigrator,0,200,0,200,TRUE,5.01E-04,2.84,0.221833333,NA,Crustacean,FALSE,MOCNESS,
Holacanthus,Pomacanthidae,2,8.87E-05,0.991969475,8.87E-05,0.077564295,#N/A,0,FALSE,NA,NA,7,16,FALSE,Holoepipelagic Nonmigrator,0,200,0,200,TRUE,4.12E-04,2.9,0.221833333,NA,Crustacean,FALSE,MOCNESS,
Myctophum selenops,Myctophidae,2,8.87E-05,0.99205821,8.87E-05,0.012445904,0.00905239,0.2272,FALSE,NA,NA,15,32,TRUE,Synchronous Migrator,200,600,60,150,TRUE,3.89E-04,2.086,0.206,NA,Crustacean,FALSE,Gartner et al. 1987,
Haplophryne mollis,Linophrynidae,2,8.87E-05,0.992146945,8.87E-05,0.008015919,0.01066461,0.427,FALSE,NA,NA,15,16,FALSE,Mesopelagic Nonmigrator,900,1000,900,1000,FALSE,3.00E-04,,0.221833333,0.05,Crustacean,FALSE,MOCNESS,
Alepisaurus,Alepisauridae,2,8.87E-05,0.99223568,8.87E-05,0.005532458,0.024383955,0.15,FALSE,NA,NA,11,25,FALSE,Mesopelagic Nonmigrator,600,1000,600,1000,TRUE,2.42E-04,3,0.221833333,NA,Fish,FALSE,MOCNESS,
Tetragonurus atlanticus,Tetragonuridae,2,8.87E-05,0.992324415,8.87E-05,0.00771288,0.00901773,0,FALSE,NA,NA,16,27,FALSE,Mesopelagic Nonmigrator,200,600,200,600,TRUE,2.20E-04,3,0.221833333,NA,Crustacean,FALSE,MOCNESS,
Benthodesmus tenuis,Trichiuridae,2,8.87E-05,0.992413151,8.87E-05,0.007967537,0.015350584,0,FALSE,NA,NA,61,70,TRUE,Synchronous Migrator,200,600,0,200,FALSE,2.20E-04,,0.255071429,0.05,Crustacean,FALSE,MOCNESS,
Clupeidae,Clupeidae,2,8.87E-05,0.992501886,8.87E-05,0.00845593,0.014465022,0,FALSE,NA,NA,11,11,FALSE,Holoepipelagic Nonmigrator,0,200,0,200,TRUE,2.20E-04,3.06,0.221833333,NA,Crustacean,FALSE,MOCNESS,
Anthias nicholsi,Serranidae,2,8.87E-05,0.992590621,8.87E-05,0.008024287,0.006341797,0,FALSE,NA,NA,10,17,FALSE,Holoepipelagic Nonmigrator,0,200,0,200,TRUE,2.20E-04,2.611,0.221833333,NA,Crustacean,FALSE,MOCNESS,
Kaupichthys nuchalis,Chlopsidae,2,8.87E-05,0.992679356,8.87E-05,0.006475553,#N/A,0,FALSE,NA,NA,35,46,FALSE,Holoepipelagic Nonmigrator,0,200,0,200,TRUE,2.18E-04,1.3971,0.221833333,NA,Crustacean,FALSE,MOCNESS,
Antennarius,Antennariidae,2,8.87E-05,0.992768091,8.87E-05,0.065721765,0.006438335,0,FALSE,NA,NA,11,15,FALSE,Holoepipelagic Nonmigrator,0,200,0,200,TRUE,1.41E-04,3,0.221833333,NA,Crustacean,FALSE,MOCNESS,
Uncisudis advena,Paralepididae,2,8.87E-05,0.992856826,8.87E-05,0.015402856,0.005392589,0,FALSE,NA,NA,22,34,TRUE,Synchronous Migrator,200,600,0,200,TRUE,1.36E-04,2.95,0.255071429,NA,Fish,FALSE,MOCNESS,
Histrio histrio,Antennariidae,2,8.87E-05,0.992945561,8.87E-05,#N/A,0.009936171,0,FALSE,NA,NA,20,20,FALSE,Holoepipelagic Nonmigrator,0,5,0,5,TRUE,1.32E-04,3,0.221833333,NA,Crustacean,FALSE,MOCNESS,
Benthodesmus simonyi,Trichiuridae,2,8.87E-05,0.993034296,8.87E-05,0.012748409,#N/A,0,FALSE,NA,NA,184,219,FALSE,Mesopelagic Nonmigrator,200,600,200,600,FALSE,1.28E-04,,0.221833333,0.05,Crustacean,FALSE,MOCNESS,
Ogcocephalidae,Ogcocephalidae,2,8.87E-05,0.993123031,8.87E-05,0.00851633,0.021157149,0,FALSE,NA,NA,5,20,FALSE,Holoepipelagic Nonmigrator,0,200,0,200,TRUE,1.28E-04,3.05,0.221833333,NA,Crustacean,FALSE,MOCNESS,
Dicrolene kanazawai,Ophidiidae,2,8.87E-05,0.993211766,8.87E-05,#N/A,0.009793816,0.427,FALSE,NA,NA,30,34,FALSE,Mesopelagic Nonmigrator,600,1000,600,1000,TRUE,1.26E-04,3.18,0.221833333,NA,Crustacean,FALSE,MOCNESS,
Pomacanthidae,Pomacanthidae,2,8.87E-05,0.993300501,8.87E-05,#N/A,0.008591274,0,FALSE,NA,NA,6,6,FALSE,Holoepipelagic Nonmigrator,0,200,0,200,TRUE,1.26E-04,2.8,0.221833333,NA,Crustacean,FALSE,MOCNESS,
Melanocetus murrayi,Melanocetidae,2,8.87E-05,0.993389236,8.87E-05,0.008422605,0.007864743,0.15,FALSE,NA,NA,17,40,FALSE,Mesopelagic Nonmigrator,600,1000,600,1000,TRUE,9.60E-05,3.300255125,0.221833333,NA,Fish,FALSE,MOCNESS,
Magnisudis atlantica,Paralepididae,2,8.87E-05,0.993477972,8.87E-05,0.011242285,0.01107702,0.15,FALSE,NA,NA,31,45,FALSE,Mesopelagic Nonmigrator,600,1000,600,1000,TRUE,9.60E-05,2.95,0.221833333,NA,Fish,FALSE,MOCNESS,
Melamphaes longivelis,Melamphaidae,2,8.87E-05,0.993566707,8.87E-05,0.013497542,0.011468994,0.427,FALSE,NA,NA,19,24,TRUE,Synchronous Migrator,700,800,100,130,TRUE,9.60E-05,3.2,0.344,NA,Crustacean,FALSE,Stickney and Torres 1989,
Canthigaster rostrata,Tetraodontidae,2,8.87E-05,0.993655442,8.87E-05,#N/A,0.015647662,0,FALSE,NA,NA,19,23,FALSE,Holoepipelagic Nonmigrator,0,200,0,200,TRUE,8.50E-05,2.81,0.221833333,NA,Crustacean,FALSE,MOCNESS,
Lagocephalus lagocephalus,Tetraodontidae,2,8.87E-05,0.993744177,8.87E-05,0.010907483,0.008703258,0,FALSE,NA,NA,11,12,FALSE,Holoepipelagic Nonmigrator,0,200,0,200,TRUE,8.10E-05,3.302,0.221833333,NA,Crustacean,FALSE,MOCNESS,
Poromitra megalops,Melamphaidae,2,8.87E-05,0.993832912,8.87E-05,0.005678527,0.009560837,0.427,FALSE,NA,NA,22,48,FALSE,Mesopelagic Nonmigrator,600,1000,600,1000,TRUE,7.80E-05,3.2,0.294,NA,Crustacean,FALSE,MOCNESS,
Bregmaceros undescribed TS1,Bregmacerotidae,2,8.87E-05,0.993921647,8.87E-05,0.008234083,#N/A,0.427,FALSE,NA,NA,29,68,TRUE,Synchronous Migrator,900,1000,0,200,TRUE,7.80E-05,3.15,0.255071429,NA,Crustacean,FALSE,MOCNESS,
Symphysanodon,Symphysanodontidae,2,8.87E-05,0.994010382,8.87E-05,0.007751269,0.017262411,0,FALSE,NA,NA,4,15,FALSE,Holoepipelagic Nonmigrator,0,200,0,200,TRUE,7.80E-05,3.078,0.221833333,NA,Crustacean,FALSE,MOCNESS,
Scopelogadus beanii,Melamphaidae,2,8.87E-05,0.994099117,8.87E-05,#N/A,#N/A,0.427,FALSE,NA,NA,19,22,FALSE,Mesopelagic Nonmigrator,600,1000,600,1000,TRUE,7.60E-05,3.2,0.323,NA,Crustacean,FALSE,MOCNESS,
Selene vomer,Carangidae,2,8.87E-05,0.994187852,8.87E-05,#N/A,0.0059485,0,FALSE,NA,NA,7,19,FALSE,Holoepipelagic Nonmigrator,0,200,0,200,TRUE,7.40E-05,2.82,0.221833333,NA,Crustacean,FALSE,MOCNESS,
Oneirodes carlsbergi,Oneirodidae,2,8.87E-05,0.994276587,8.87E-05,0.008181231,0.010343381,0.427,FALSE,NA,NA,19,20,FALSE,Mesopelagic Nonmigrator,600,1000,600,1000,TRUE,6.83E-05,2.421,0.221833333,NA,Crustacean,FALSE,MOCNESS,
Serraninae,Serranidae,2,8.87E-05,0.994365322,8.87E-05,#N/A,0.012281871,0,FALSE,NA,NA,26,26,FALSE,Holoepipelagic Nonmigrator,0,200,0,200,TRUE,6.80E-05,3.03,0.221833333,NA,Crustacean,FALSE,MOCNESS,
Notoscopelus caudispinosus,Myctophidae,2,8.87E-05,0.994454057,8.87E-05,#N/A,0.007149773,0.2272,FALSE,NA,NA,30,57,TRUE,Synchronous Migrator,600,1000,60,150,TRUE,6.20E-05,3.15,0.205,NA,Crustacean,FALSE,Gartner et al. 1987,
Taractes asper,Bramidae,2,8.87E-05,0.994542792,8.87E-05,#N/A,#N/A,0,FALSE,NA,NA,11,17,FALSE,Holoepipelagic Nonmigrator,0,200,0,200,TRUE,5.25E-05,3.02,0.221833333,NA,Crustacean,FALSE,MOCNESS,
Chaunacidae,Chaunacidae,2,8.87E-05,0.994631528,8.87E-05,#N/A,0.006945912,0,FALSE,NA,NA,8,20,FALSE,Holoepipelagic Nonmigrator,0,200,0,200,TRUE,5.20E-05,2.87,0.221833333,NA,Crustacean,FALSE,MOCNESS,
Canthidermis,Balistidae,2,8.87E-05,0.994720263,8.87E-05,0.009752149,0.014901826,0,FALSE,NA,NA,5,5,FALSE,Holoepipelagic Nonmigrator,0,200,0,200,TRUE,5.10E-05,2.84,0.221833333,NA,Crustacean,FALSE,MOCNESS,
Leptochilichthys,Leptochilichthyidae,2,8.87E-05,0.994808998,8.87E-05,#N/A,0.019434542,0.427,FALSE,NA,NA,45,48,FALSE,Mesopelagic Nonmigrator,600,1000,600,1000,FALSE,8.39E-06,0,0.221833333,0.05,Crustacean,FALSE,MOCNESS,
Sphyraena guachancho,Sphyraenidae,2,8.87E-05,0.994897733,8.87E-05,0.008544615,0.014465022,0,FALSE,NA,NA,25,30,FALSE,Holoepipelagic Nonmigrator,0,200,0,200,TRUE,4.70E-05,2.88,0.221833333,NA,Crustacean,FALSE,MOCNESS,
Echiodon dawsoni,Carapidae,2,8.87E-05,0.994986468,8.87E-05,0.008776968,0.007971648,0,FALSE,NA,NA,43,67,FALSE,Holoepipelagic Nonmigrator,0,200,0,200,TRUE,4.40E-05,3,0.255071429,NA,Crustacean,FALSE,MOCNESS,
Sudis hyalina,Paralepididae,2,8.87E-05,0.995075203,8.87E-05,0.011430128,0.007300378,0,FALSE,NA,NA,18,32,FALSE,Holoepipelagic Nonmigrator,0,200,0,200,TRUE,3.20E-05,2.928,0.221833333,NA,Fish,FALSE,MOCNESS,
Aluterus monoceros,Monacanthidae,2,8.87E-05,0.995163938,8.87E-05,0.019012853,0.011258845,0,FALSE,NA,NA,39,42,FALSE,Holoepipelagic Nonmigrator,0,200,0,200,TRUE,2.10E-05,2.85,0.221833333,NA,Crustacean,FALSE,MOCNESS,
Bassozetus,Ophidiidae,2,8.87E-05,0.995252673,8.87E-05,#N/A,0.011361481,0,FALSE,NA,NA,20,41,FALSE,Holoepipelagic Nonmigrator,0,200,0,200,TRUE,1.83E-05,3.18,0.221833333,NA,Crustacean,FALSE,MOCNESS,
Diplophos taenia,Gonostomatidae,2,8.87E-05,0.995341408,8.87E-05,0.011873887,0.016131737,0.1434,FALSE,NA,NA,49,49,TRUE,Synchronous Migrator,900,1000,0,1000,TRUE,1.61E-05,2.8,0.2352,NA,Crustacean,FALSE,MOCNESS,Eduardo et al. 2020
Lutjanidae,Lutjanidae,2,8.87E-05,0.995430143,8.87E-05,0.008311312,0.008656023,0,FALSE,NA,NA,30,30,FALSE,Holoepipelagic Nonmigrator,0,200,0,200,TRUE,1.02E-05,2.95,0.221833333,NA,Crustacean,FALSE,MOCNESS,
Diaphus anderseni,Myctophidae,2,8.87E-05,0.995518878,8.87E-05,#N/A,0.010220587,0.2272,FALSE,NA,NA,20,32,FALSE,Mesopelagic Nonmigrator,200,600,200,600,TRUE,8.20E-06,3.02,0.236,NA,Crustacean,FALSE,MOCNESS,
Syacium,Paralichthyidae,2,8.87E-05,0.995607613,8.87E-05,0.045268757,0.012814984,0,FALSE,NA,NA,11,13,FALSE,Holoepipelagic Nonmigrator,0,200,0,200,TRUE,8.20E-06,3,0.221833333,NA,Crustacean,FALSE,MOCNESS,
Symbolophorus rufinus,Myctophidae,2,8.87E-05,0.995696349,8.87E-05,0.010250413,0.009463447,0.2272,FALSE,NA,NA,24,26,TRUE,Synchronous Migrator,600,1000,50,250,TRUE,6.83E-06,3,0.2352,NA,Crustacean,FALSE,Gartner et al. 1987,
Eutaeniophorus festivus,Cetomimidae,2,8.87E-05,0.995785084,8.87E-05,0.00933553,0.008631205,0.427,FALSE,NA,NA,20,39,FALSE,Mesopelagic Nonmigrator,900,1000,900,1000,FALSE,6.00E-06,,0.221833333,1,Crustacean,FALSE,MOCNESS,
Ocyurus chrysurus,Lutjanidae,1,4.44E-05,0.995829451,4.43E-05,#N/A,0.004102862,0,FALSE,NA,NA,16,16,FALSE,Holoepipelagic Nonmigrator,0,200,0,200,TRUE,2.95E-06,2.79,0.221833333,NA,Crustacean,FALSE,MOCNESS,
Monacanthidae,Monacanthidae,1,4.44E-05,0.995873819,4.43E-05,0.007845502,0.011071625,0,FALSE,NA,NA,6,6,FALSE,Holoepipelagic Nonmigrator,0,200,0,200,TRUE,2.51E-06,2.9,0.221833333,NA,Crustacean,FALSE,MOCNESS,
Holocentridae,Holocentridae,1,4.44E-05,0.995918186,4.43E-05,0.035416903,0.009473524,0,FALSE,NA,NA,9,10,FALSE,Holoepipelagic Nonmigrator,0,200,0,200,TRUE,2.29E-06,2.98,0.221833333,NA,Crustacean,FALSE,MOCNESS,
Luciobrotula corethromycter,Ophidiidae,1,4.44E-05,0.995962554,4.43E-05,#N/A,0.009473524,0,FALSE,NA,NA,20,68,FALSE,Holoepipelagic Nonmigrator,0,200,0,200,TRUE,2.20E-06,3.18,0.221833333,NA,Crustacean,FALSE,MOCNESS,
Uncisudis quadrimaculata,Paralepididae,1,4.44E-05,0.996006921,4.43E-05,0.008752601,0.005332305,0,FALSE,NA,NA,41,41,TRUE,Synchronous Migrator,200,600,0,200,TRUE,2.20E-06,2.95,0.255071429,NA,Fish,FALSE,MOCNESS,
Oneirodes eschrichtii,Oneirodidae,1,4.44E-05,0.996051289,4.43E-05,#N/A,0.011734403,0.427,FALSE,NA,NA,33,33,FALSE,Mesopelagic Nonmigrator,600,1000,600,1000,TRUE,2.00E-06,2.421,0.221833333,NA,Crustacean,FALSE,MOCNESS,
Spectrunculus grandis,Ophidiidae,1,4.44E-05,0.996095656,4.43E-05,0.004155363,0.008900287,0.427,FALSE,NA,NA,36,36,FALSE,Mesopelagic Nonmigrator,600,1000,600,1000,TRUE,2.00E-06,3.18,0.221833333,NA,Crustacean,FALSE,MOCNESS,
Oxyporhamphus micropterus similis,Hemiramphidae,1,4.44E-05,0.996140024,4.43E-05,#N/A,0.008925794,0,FALSE,NA,NA,52,52,FALSE,Holoepipelagic Nonmigrator,0,200,0,200,TRUE,2.00E-06,3.08,0.221833333,NA,Crustacean,FALSE,MOCNESS,
Lutjanus,Lutjanidae,1,4.44E-05,0.996184391,4.43E-05,0.012924339,0.009125482,0,FALSE,NA,NA,7,16,FALSE,Holoepipelagic Nonmigrator,0,200,0,200,TRUE,1.91E-06,2.98,0.221833333,NA,Crustacean,FALSE,MOCNESS,
Caristiidae,Caristiidae,1,4.44E-05,0.996228759,4.43E-05,0.042411172,0.006496639,0,FALSE,NA,NA,9,9,FALSE,Holoepipelagic Nonmigrator,0,200,0,200,TRUE,1.85E-06,3,0.221833333,NA,Crustacean,FALSE,MOCNESS,
Bodianus,Labridae,1,4.44E-05,0.996273127,4.43E-05,#N/A,#N/A,0,FALSE,NA,NA,15,15,FALSE,Holoepipelagic Nonmigrator,0,200,0,200,TRUE,1.74E-06,3.05,0.221833333,NA,Crustacean,FALSE,MOCNESS,
Apogon maculatus,Apogonidae,1,4.44E-05,0.996317494,4.43E-05,0.002560524,#N/A,0,FALSE,NA,NA,21,21,FALSE,Holoepipelagic Nonmigrator,0,200,0,200,TRUE,1.58E-06,3.073,0.221833333,NA,Crustacean,FALSE,MOCNESS,
Diretmoides pauciradiatus,Diretmidae,1,4.44E-05,0.996361862,4.43E-05,#N/A,0.007560965,0,FALSE,NA,NA,15,15,FALSE,Holoepipelagic Nonmigrator,0,200,0,200,TRUE,1.53E-06,3.045,0.221833333,NA,Crustacean,FALSE,MOCNESS,
Dysalotus alcocki,Chiasmodontidae,1,4.44E-05,0.996406229,4.43E-05,0.008162337,0.017021586,0.15,FALSE,NA,NA,47,47,FALSE,Mesopelagic Nonmigrator,600,1000,600,1000,TRUE,1.36E-06,2.898,0.221833333,NA,Fish,FALSE,MOCNESS,
Mulloidichthys martinicus,Mullidae,1,4.44E-05,0.996450597,4.43E-05,#N/A,#N/A,0,FALSE,NA,NA,46,46,FALSE,Holoepipelagic Nonmigrator,0,200,0,200,TRUE,1.20E-06,3.1,0.221833333,NA,Crustacean,FALSE,MOCNESS,
Brama caribbea,Bramidae,1,4.44E-05,0.996494964,4.43E-05,0.012994801,0.007560965,0,FALSE,NA,NA,10,44,FALSE,Holoepipelagic Nonmigrator,0,200,0,200,TRUE,1.10E-06,3.609,0.221833333,NA,Crustacean,FALSE,MOCNESS,
Borostomias mononema,Stomiidae,1,4.44E-05,0.996539332,4.43E-05,0.008893503,0.010613148,0.0925,FALSE,NA,NA,34,37,A,Asynchronous Migrator,200,600,0,200,TRUE,1.04E-06,3.04,1,NA,Fish,FALSE,MOCNESS,Sutton and Hopkins 1996
Astronesthes gemmifer,Stomiidae,1,4.44E-05,0.996583699,4.43E-05,0.007738399,0.009790743,0.0925,FALSE,NA,NA,35,35,TRUE,Synchronous Migrator,600,1000,0,600,TRUE,1.04E-06,3.04,1,NA,Crustacean,FALSE,MOCNESS,Sutton and Hopkins 1996
Evermannellidae,Evermannellidae,1,4.44E-05,0.996628067,4.43E-05,0.006562492,0.008656023,0,FALSE,NA,NA,14,14,FALSE,Holoepipelagic Nonmigrator,0,200,0,200,TRUE,9.60E-07,3.009,0.221833333,NA,Cephalopod,FALSE,MOCNESS,
Myctophum asperum,Myctophidae,1,4.44E-05,0.996672434,4.43E-05,0.012626169,0.015912171,0.2272,FALSE,NA,NA,19,38,TRUE,Synchronous Migrator,300,400,0,25,TRUE,9.23E-07,3.005,0.206,NA,Crustacean,FALSE,Gartner et al. 1987,
Scopelosaurus,Notosudidae,1,4.44E-05,0.996716802,4.43E-05,0.008476056,0.006140936,0,FALSE,NA,NA,40,40,TRUE,Synchronous Migrator,200,600,0,200,TRUE,9.00E-07,3.5,0.255071429,NA,Crustacean,FALSE,MOCNESS,
Brinkmannella elongata,Epigonidae,1,4.44E-05,0.99676117,4.43E-05,0.007770163,0.012582263,0,FALSE,NA,NA,25,25,FALSE,Mesopelagic Nonmigrator,200,600,200,600,TRUE,8.70E-07,3.18,0.221833333,NA,Crustacean,FALSE,MOCNESS,
Monolene sessilicauda,Bothidae,1,4.44E-05,0.996805537,4.43E-05,0.008646578,0.006735734,0,FALSE,NA,NA,34,34,FALSE,Holoepipelagic Nonmigrator,0,200,0,200,TRUE,7.90E-07,3.09,0.221833333,NA,Crustacean,FALSE,MOCNESS,
Hygophum,Myctophidae,1,4.44E-05,0.996849905,4.43E-05,#N/A,0.006604607,0.2272,FALSE,NA,NA,9,50,TRUE,Synchronous Migrator,600,1000,0,200,TRUE,7.80E-07,3.15,0.1915,NA,Crustacean,FALSE,Gartner et al. 1987,
Citharichthys spilopterus,Paralichthyidae,1,4.44E-05,0.996894272,4.43E-05,0.125828541,0.005332305,0,FALSE,NA,NA,8,8,FALSE,Holoepipelagic Nonmigrator,0,200,0,200,TRUE,7.80E-07,3.05,0.221833333,NA,Crustacean,FALSE,MOCNESS,
Gadomus,Macrouridae,1,4.44E-05,0.99693864,4.43E-05,#N/A,0.009631236,0.427,FALSE,NA,NA,57,57,FALSE,Mesopelagic Nonmigrator,600,1000,600,1000,TRUE,7.20E-07,3.12,0.221833333,NA,Crustacean,FALSE,MOCNESS,
Macrouridae,Macrouridae,1,4.44E-05,0.996983007,4.43E-05,0.010349718,0.009155715,0,FALSE,NA,NA,30,78,FALSE,Mesopelagic Nonmigrator,200,1000,200,1000,TRUE,7.20E-07,3.12,0.221833333,NA,Crustacean,FALSE,MOCNESS,
Dysomma,Synaphobranchidae,1,4.44E-05,0.997027375,4.43E-05,#N/A,0.004444903,0,FALSE,NA,NA,40,106,FALSE,Holoepipelagic Nonmigrator,0,200,0,200,TRUE,7.00E-07,3.16,0.221833333,NA,Crustacean,FALSE,MOCNESS,
Stemonosudis bullisi,Paralepididae,1,4.44E-05,0.997071742,4.43E-05,0.01247362,0.00639399,0,FALSE,NA,NA,43,67,FALSE,Holoepipelagic Nonmigrator,0,200,0,200,TRUE,6.80E-07,3,0.221833333,NA,Fish,FALSE,MOCNESS,
Paralichthyidae,Paralichthyidae,1,4.44E-05,0.99711611,4.43E-05,0.007451035,0.010578575,0,FALSE,NA,NA,37,37,FALSE,Holoepipelagic Nonmigrator,0,200,0,200,TRUE,6.60E-07,3.15,0.221833333,NA,Crustacean,FALSE,MOCNESS,
Citharichthys,Paralichthyidae,1,4.44E-05,0.997160477,4.43E-05,0.01836413,0.010178565,0,FALSE,NA,NA,15,17,FALSE,Holoepipelagic Nonmigrator,0,200,0,200,TRUE,6.30E-07,3.16,0.221833333,NA,Crustacean,FALSE,MOCNESS,
Melanostomias,Stomiidae,1,4.44E-05,0.997204845,4.43E-05,0.010096589,#N/A,0.0925,FALSE,NA,NA,46,46,FALSE,Mesopelagic Nonmigrator,600,1000,600,1000,TRUE,5.00E-07,2.74,1,NA,Fish,FALSE,MOCNESS,Sutton and Hopkins 1996
Eustomias fissibarbis,Stomiidae,1,4.44E-05,0.997249212,4.43E-05,0.0090594,#N/A,0.0925,FALSE,NA,NA,61,68,FALSE,Mesopelagic Nonmigrator,600,1000,600,1000,TRUE,5.00E-07,2.74,1,NA,Fish,FALSE,MOCNESS,Sutton and Hopkins 1996
Eustomias acinosus,Stomiidae,1,4.44E-05,0.99729358,4.43E-05,0.007602696,0.006931043,0.0925,FALSE,NA,NA,59,103,TRUE,Synchronous Migrator,600,1000,200,600,TRUE,5.00E-07,2.74,1,NA,Fish,FALSE,MOCNESS,Sutton and Hopkins 1996
Eustomias brevibarbatus,Stomiidae,1,4.44E-05,0.997337948,4.43E-05,#N/A,0.009551053,0.0925,FALSE,NA,NA,78,81,FALSE,Mesopelagic Nonmigrator,600,1000,600,1000,TRUE,5.00E-07,2.74,1,NA,Fish,FALSE,MOCNESS,Sutton and Hopkins 1996
Eustomias dendriticus,Stomiidae,1,4.44E-05,0.997382315,4.43E-05,#N/A,0.010874181,0.0925,FALSE,NA,NA,78,81,FALSE,Mesopelagic Nonmigrator,600,1000,600,1000,TRUE,5.00E-07,2.74,1,NA,Fish,FALSE,MOCNESS,Sutton and Hopkins 1996
Leptostomias gladiator,Stomiidae,1,4.44E-05,0.997426683,4.43E-05,#N/A,0.011032106,0.0925,FALSE,NA,NA,76,76,TRUE,Synchronous Migrator,600,1000,0,200,TRUE,5.00E-07,2.74,1,NA,Fish,FALSE,MOCNESS,Sutton and Hopkins 1996
Narcetes stomias,Alepocephalidae,1,4.44E-05,0.99747105,4.43E-05,#N/A,0.010234184,0.427,FALSE,NA,NA,33,33,FALSE,Mesopelagic Nonmigrator,600,1000,600,1000,TRUE,4.40E-07,3.203,0.221833333,NA,Crustacean,FALSE,MOCNESS,
Photonectes margarita,Stomiidae,1,4.44E-05,0.997515418,4.43E-05,0.00823184,0.011264567,0.0925,FALSE,NA,NA,47,49,FALSE,Holoepipelagic Nonmigrator,100,130,100,130,TRUE,4.24E-07,3.03,1,NA,Fish,FALSE,Sutton and Hopkins 1996,Sutton and Hopkins 1996
Pachystomias microdon,Stomiidae,1,4.44E-05,0.997559785,4.43E-05,0.006731763,0.008695916,0.0925,FALSE,NA,NA,33,34,FALSE,Mesopelagic Nonmigrator,200,250,200,250,TRUE,4.24E-07,3.03,1,NA,Fish,FALSE,Sutton and Hopkins 1996,Sutton and Hopkins 1996
Bathophilus brevis,Stomiidae,1,4.44E-05,0.997604153,4.43E-05,#N/A,0.009342033,0.0925,FALSE,NA,NA,27,47,FALSE,Mesopelagic Nonmigrator,200,600,200,600,TRUE,4.24E-07,3.03,1,NA,Fish,FALSE,MOCNESS,Sutton and Hopkins 1996
Photonectes achirus,Stomiidae,1,4.44E-05,0.99764852,4.43E-05,#N/A,#N/A,0.0925,FALSE,NA,NA,19,19,FALSE,Holoepipelagic Nonmigrator,0,200,0,200,TRUE,4.24E-07,3.03,1,NA,Fish,FALSE,MOCNESS,Sutton and Hopkins 1996
Aristostomias polydactylus,Stomiidae,1,4.44E-05,0.997692888,4.43E-05,0.008141168,#N/A,0.0925,FALSE,NA,NA,33,37,A,Asynchronous Migrator,700,800,0,300,TRUE,4.24E-07,3.03,1,NA,Fish,FALSE,Sutton and Hopkins 1996,Sutton and Hopkins 1996
Bathophilus longipinnis,Stomiidae,1,4.44E-05,0.997737255,4.43E-05,0.009723393,0.01410305,0.0925,FALSE,NA,NA,24,69,FALSE,Mesopelagic Nonmigrator,200,600,200,600,TRUE,4.24E-07,3.03,1,NA,Fish,FALSE,MOCNESS,Sutton and Hopkins 1996
Bregmaceros mcclellandii,Bregmacerotidae,1,4.44E-05,0.997781623,4.43E-05,#N/A,#N/A,0,FALSE,NA,NA,72,72,FALSE,Holoepipelagic Nonmigrator,0,200,0,200,TRUE,3.90E-07,3.15,0.221833333,NA,Crustacean,FALSE,MOCNESS,
Photostylus pycnopterus,Alepocephalidae,1,4.44E-05,0.997825991,4.43E-05,0.007758798,0.016657321,0.427,FALSE,NA,NA,59,101,FALSE,Mesopelagic Nonmigrator,600,1000,600,1000,TRUE,3.20E-07,3.22,0.221833333,NA,Crustacean,FALSE,MOCNESS,
Chaetodon sedentarius,Chaetodontidae,1,4.44E-05,0.997870358,4.43E-05,0.02078727,#N/A,0,FALSE,NA,NA,15,15,FALSE,Holoepipelagic Nonmigrator,0,200,0,200,TRUE,2.52E-07,3.76,0.221833333,NA,Crustacean,FALSE,MOCNESS,
Porogadus miles,Ophidiidae,1,4.44E-05,0.997914726,4.43E-05,#N/A,#N/A,0.427,FALSE,NA,NA,68,68,FALSE,Mesopelagic Nonmigrator,600,1000,600,1000,TRUE,2.20E-07,3.18,0.221833333,NA,Crustacean,FALSE,MOCNESS,
Malacocephalus,Macrouridae,1,4.44E-05,0.997959093,4.43E-05,#N/A,#N/A,0,FALSE,NA,NA,56,56,FALSE,Holoepipelagic Nonmigrator,0,200,0,200,TRUE,2.10E-07,3.37,0.221833333,NA,Crustacean,FALSE,MOCNESS,
Halosauridae,Halosauridae,1,4.44E-05,0.998003461,4.43E-05,#N/A,0.010618879,0.427,FALSE,NA,NA,141,320,FALSE,Mesopelagic Nonmigrator,600,1000,600,1000,TRUE,2.00E-08,3.23,0.221833333,NA,Crustacean,FALSE,MOCNESS,
Tiluropsis,Halosauridae,1,4.44E-05,0.998047828,4.43E-05,#N/A,0.009164532,0,FALSE,NA,NA,141,320,FALSE,Holoepipelagic Nonmigrator,0,200,0,200,TRUE,2.00E-08,3.23,0.221833333,NA,Crustacean,FALSE,MOCNESS,
Chlopsis bicolor,Chlopsidae,1,4.44E-05,0.998092196,4.43E-05,0.014812675,0.008656023,0,FALSE,NA,NA,50,50,FALSE,Holoepipelagic Nonmigrator,0,200,0,200,FALSE,0.00E+00,,0.221833333,0.05,Crustacean,FALSE,MOCNESS,
Robinsia catherinae,Chlopsidae,1,4.44E-05,0.998136563,4.43E-05,0.008751203,#N/A,0,FALSE,NA,NA,52,55,FALSE,Holoepipelagic Nonmigrator,0,200,0,200,FALSE,0.00E+00,,0.221833333,0.05,Crustacean,FALSE,MOCNESS,
Nansenia atlantica,Microstomatidae,1,4.44E-05,0.998180931,4.43E-05,#N/A,0.009573534,0,FALSE,NA,NA,44,44,FALSE,Mesopelagic Nonmigrator,200,600,200,600,FALSE,0.00E+00,,0.221833333,1,Crustacean,FALSE,MOCNESS,
Melanocetus johnsonii,Melanocetidae,1,4.44E-05,0.998225298,4.43E-05,0.009676087,0.011628989,0.15,FALSE,NA,NA,14,47,FALSE,Mesopelagic Nonmigrator,600,1000,600,1000,TRUE,4.40E-04,-0.317905977,0.221833333,NA,Fish,FALSE,MOCNESS,
Evermannella,Evermannellidae,1,4.44E-05,0.998269666,4.43E-05,#N/A,0.009843987,0.15,FALSE,NA,NA,27,45,FALSE,Mesopelagic Nonmigrator,600,1000,600,1000,TRUE,2.95E-04,3.009,0.221833333,NA,Cephalopod,FALSE,MOCNESS,
Gigantactinidae,Gigantactinidae,1,4.44E-05,0.998314033,4.43E-05,0.009075728,0.010902588,0.427,FALSE,NA,NA,15,18,FALSE,Mesopelagic Nonmigrator,900,1000,900,1000,FALSE,2.51E-04,,0.221833333,1,Crustacean,FALSE,MOCNESS,
Ophidiiformes,,1,4.44E-05,0.998358401,4.43E-05,0.019208548,0.009440912,0,FALSE,NA,NA,22,22,FALSE,Mesopelagic Nonmigrator,200,1000,200,1000,FALSE,2.42E-04,0,0.221833333,1,Crustacean,FALSE,MOCNESS,
Anthias woodsi,Serranidae,1,4.44E-05,0.998402769,4.43E-05,0.011111984,0.004444903,0,FALSE,NA,NA,12,12,FALSE,Holoepipelagic Nonmigrator,0,200,0,200,TRUE,2.42E-04,2.611,0.221833333,NA,Crustacean,FALSE,MOCNESS,
Mentodus facilis,Platytroctidae,1,4.44E-05,0.998447136,4.43E-05,#N/A,0.013301517,0.427,FALSE,NA,NA,27,34,FALSE,Mesopelagic Nonmigrator,900,1000,900,1000,TRUE,2.29E-04,0.821931632,0.221833333,NA,Gelatinous,FALSE,MOCNESS,
Diaphus effulgens,Myctophidae,1,4.44E-05,0.998491504,4.43E-05,0.011000754,0.010189702,0.2272,FALSE,NA,NA,28,74,TRUE,Synchronous Migrator,330,500,110,330,TRUE,2.20E-04,3.02,0.248,NA,Crustacean,FALSE,Gartner et al. 1987,
Holtbyrnia,Platytroctidae,1,4.44E-05,0.998535871,4.43E-05,0.008386078,0.010721806,0.427,FALSE,NA,NA,50,50,FALSE,Mesopelagic Nonmigrator,600,1000,600,1000,FALSE,2.00E-04,,0.221833333,2,Crustacean,FALSE,MOCNESS,
Rondeletia bicolor,Rondeletiidae,1,4.44E-05,0.998580239,4.43E-05,0.010551957,#N/A,0,FALSE,NA,NA,60,60,FALSE,Mesopelagic Nonmigrator,200,1000,200,1000,TRUE,1.74E-04,3,0.221833333,NA,Crustacean,FALSE,MOCNESS,
Percoidei,,1,4.44E-05,0.998624606,4.43E-05,0.006987222,0.009125482,0,FALSE,NA,NA,12,17,FALSE,Holoepipelagic Nonmigrator,0,200,0,200,FALSE,1.41E-04,0,0.221833333,0.05,Crustacean,FALSE,MOCNESS,
Serranidae,Serranidae,1,4.44E-05,0.998668974,4.43E-05,#N/A,0.003676327,0,FALSE,NA,NA,17,17,FALSE,Holoepipelagic Nonmigrator,0,200,0,200,TRUE,1.41E-04,3.03,0.221833333,NA,Crustacean,FALSE,MOCNESS,
Melamphaes typhlops,Melamphaidae,1,4.44E-05,0.998713341,4.43E-05,#N/A,#N/A,0,FALSE,NA,NA,29,29,TRUE,Synchronous Migrator,600,1000,0,600,TRUE,1.20E-04,3.2,0.344,NA,Crustacean,FALSE,Brooks and Saenger 1991,
Scomberomorus,Scombridae,1,4.44E-05,0.998757709,4.43E-05,#N/A,0.008140406,0,FALSE,NA,NA,22,22,FALSE,Holoepipelagic Nonmigrator,0,200,0,200,TRUE,1.12E-04,2.92,0.221833333,NA,Fish,FALSE,MOCNESS,
Rhynchactis macrothrix,Gigantactinidae,1,4.44E-05,0.998802076,4.43E-05,#N/A,0.010909279,0.15,FALSE,NA,NA,41,41,FALSE,Mesopelagic Nonmigrator,600,1000,600,1000,FALSE,9.60E-05,,0.221833333,2,Fish,FALSE,MOCNESS,
Oneirodes theodorittissieri,Oneirodidae,1,4.44E-05,0.998846444,4.43E-05,#N/A,#N/A,0,FALSE,NA,NA,12,12,FALSE,Mesopelagic Nonmigrator,200,600,200,600,TRUE,9.23E-05,2.421,0.221833333,NA,Crustacean,FALSE,MOCNESS,
Rhynchohyalus natalensis,Opisthoproctidae,1,4.44E-05,0.998890811,4.43E-05,0.008974528,0.009457919,0,FALSE,NA,NA,55,55,FALSE,Mesopelagic Nonmigrator,200,600,200,600,FALSE,9.00E-05,,0.221833333,3,Crustacean,FALSE,MOCNESS,
Gigantactis microdontis,Gigantactinidae,1,4.44E-05,0.998935179,4.43E-05,#N/A,0.016601665,0.15,FALSE,NA,NA,30,42,FALSE,Mesopelagic Nonmigrator,600,1000,600,1000,TRUE,8.70E-05,2.06004,0.221833333,,Fish,FALSE,MOCNESS,
Nannobrachium achirus,Myctophidae,1,4.44E-05,0.998979547,4.43E-05,0.008993414,0.011641849,0.2272,FALSE,NA,NA,62,62,FALSE,Mesopelagic Nonmigrator,400,500,400,500,TRUE,8.51E-05,3.25,0.2352,NA,Crustacean,FALSE,Gartner et al. 1987,
Dibranchus,Ogcocephalidae,1,4.44E-05,0.999023914,4.43E-05,#N/A,#N/A,0.427,FALSE,NA,NA,25,25,FALSE,Mesopelagic Nonmigrator,600,1000,600,1000,TRUE,7.80E-05,3.05,0.221833333,NA,Crustacean,FALSE,MOCNESS,
Lampanyctus,Myctophidae,1,4.44E-05,0.999068282,4.43E-05,0.01948936,0.010337906,0.2272,FALSE,NA,NA,22,22,TRUE,Synchronous Migrator,200,1000,0,200,TRUE,7.80E-05,3.06,0.287,NA,Crustacean,FALSE,Gartner et al. 1987,
Holtbyrnia innesi,Platytroctidae,1,4.44E-05,0.999112649,4.43E-05,0.008935274,0.013890639,0.427,FALSE,NA,NA,41,41,FALSE,Mesopelagic Nonmigrator,600,1000,600,1000,FALSE,7.69E-05,0,0.221833333,1,Crustacean,FALSE,MOCNESS,
Himantolophus,Himantolophidae,1,4.44E-05,0.999157017,4.43E-05,0.008092465,0.007412788,0.427,FALSE,NA,NA,8,8,FALSE,Mesopelagic Nonmigrator,900,1000,900,1000,TRUE,7.69E-05,1.88496,0.221833333,,Crustacean,FALSE,MOCNESS,
Paralepis brevirostris,Paralepididae,1,4.44E-05,0.999201384,4.43E-05,0.008007566,0.010929659,0.15,FALSE,NA,NA,27,38,FALSE,Mesopelagic Nonmigrator,600,1000,600,1000,TRUE,7.62E-05,2.95,0.221833333,NA,Fish,FALSE,MOCNESS,
Lestidiops jayakari,Paralepididae,1,4.44E-05,0.999245752,4.43E-05,0.009712382,0.005602536,0,FALSE,NA,NA,33,33,FALSE,Mesopelagic Nonmigrator,200,1000,200,1000,TRUE,7.20E-05,2.928,0.221833333,NA,Fish,FALSE,MOCNESS,
Tetraodontiformes,,1,4.44E-05,0.999290119,4.43E-05,0.087530152,0.004102862,0,FALSE,NA,NA,10,10,FALSE,Holoepipelagic Nonmigrator,0,200,0,200,FALSE,7.00E-05,,0.221833333,0.05,Crustacean,FALSE,MOCNESS,
Taaningichthys minimus,Myctophidae,1,4.44E-05,0.999334487,4.43E-05,0.009789419,0.006407492,0.2272,FALSE,NA,NA,25,25,TRUE,Synchronous Migrator,600,1000,0,200,TRUE,6.80E-05,3.15,0.115,NA,Crustacean,FALSE,Gartner et al. 1987,
Brama dussumieri,Bramidae,1,4.44E-05,0.999378854,4.43E-05,0.007419633,#N/A,0,FALSE,NA,NA,13,13,FALSE,Holoepipelagic Nonmigrator,0,200,0,200,TRUE,6.60E-05,3.02,0.221833333,NA,Crustacean,FALSE,MOCNESS,
Lestidium atlanticum,Paralepididae,1,4.44E-05,0.999423222,4.43E-05,0.009434125,#N/A,0,FALSE,NA,NA,36,36,FALSE,Holoepipelagic Nonmigrator,0,200,0,200,TRUE,6.30E-05,2.95,0.221833333,NA,Fish,FALSE,MOCNESS,
Dolichopteryx,Opisthoproctidae,1,4.44E-05,0.99946759,4.43E-05,0.013999134,0.01101362,0,FALSE,NA,NA,52,52,FALSE,Mesopelagic Nonmigrator,200,600,200,600,FALSE,5.10E-05,0,0.221833333,0.05,Crustacean,FALSE,MOCNESS,
Talismania antillarum,Alepocephalidae,1,4.44E-05,0.999511957,4.43E-05,0.00979056,0.012082892,0.427,FALSE,NA,NA,50,76,FALSE,Mesopelagic Nonmigrator,600,1000,600,1000,TRUE,5.00E-05,3.22,0.221833333,NA,Crustacean,FALSE,MOCNESS,
Lampadena anomala,Myctophidae,1,4.44E-05,0.999556325,4.43E-05,0.006755411,0.011861376,0.2272,FALSE,NA,NA,28,49,FALSE,Mesopelagic Nonmigrator,600,1000,600,1000,TRUE,2.52E-05,3.15,0.291,NA,Crustacean,FALSE,Gartner et al. 1987,
Vinciguerria,Phosichthyidae,1,4.44E-05,0.999600692,4.43E-05,0.026731462,0.009155715,0,FALSE,NA,NA,11,20,TRUE,Synchronous Migrator,200,600,0,200,TRUE,2.20E-05,3.32,0.255071429,NA,Crustacean,FALSE,MOCNESS,
Gadiformes,,1,4.44E-05,0.99964506,4.43E-05,0.021574479,0.005332305,0,FALSE,NA,NA,11,39,FALSE,Mesopelagic Nonmigrator,200,1000,200,1000,FALSE,1.12E-05,0,0.221833333,0.05,Crustacean,FALSE,MOCNESS,
Bathygadus,Macrouridae,1,4.44E-05,0.999689427,4.43E-05,#N/A,0.014099335,0,FALSE,NA,NA,35,35,FALSE,Mesopelagic Nonmigrator,200,600,200,600,TRUE,8.51E-06,2.92,0.221833333,NA,Crustacean,FALSE,MOCNESS,
Neobythites gilli,Ophidiidae,1,4.44E-05,0.999733795,4.43E-05,#N/A,0.008059252,0,FALSE,NA,NA,20,20,FALSE,Holoepipelagic Nonmigrator,0,200,0,200,TRUE,7.62E-06,2.81,0.221833333,NA,Crustacean,FALSE,MOCNESS,
Coelorinchus,Macrouridae,1,4.44E-05,0.999778162,4.43E-05,0.008641576,0.012008983,0,FALSE,NA,NA,26,27,FALSE,Holoepipelagic Nonmigrator,0,200,0,200,TRUE,5.10E-06,3.01,0.221833333,NA,Crustacean,FALSE,MOCNESS,
Trichiuridae,Trichiuridae,1,4.44E-05,0.99982253,4.43E-05,0.007782402,0.011071625,0,FALSE,NA,NA,24,29,FALSE,Holoepipelagic Nonmigrator,0,200,0,200,TRUE,5.00E-06,3.14,0.221833333,NA,Crustacean,FALSE,MOCNESS,
Stemonosudis intermedia,Paralepididae,1,4.44E-05,0.999866897,4.43E-05,0.010505529,0.005602536,0,FALSE,NA,NA,100,100,FALSE,Holoepipelagic Nonmigrator,0,200,0,200,TRUE,4.60E-06,3,0.221833333,NA,Fish,FALSE,MOCNESS,
Neobythites marginatus,Ophidiidae,1,4.44E-05,0.999911265,4.43E-05,#N/A,#N/A,0.427,FALSE,NA,NA,44,44,FALSE,Mesopelagic Nonmigrator,600,1000,600,1000,TRUE,4.60E-06,2.98,0.221833333,NA,Crustacean,FALSE,MOCNESS,
Promethichthys prometheus,Gempylidae,1,4.44E-05,0.999955632,4.43E-05,0.006960099,0.006586878,0,FALSE,NA,NA,13,13,FALSE,Holoepipelagic Nonmigrator,0,200,0,200,TRUE,4.40E-06,3,0.221833333,NA,Fish,FALSE,MOCNESS,
Melichthys niger,Balistidae,1,4.44E-05,1,4.43E-05,#N/A,0.011010449,0,FALSE,NA,NA,10,10,FALSE,Holoepipelagic Nonmigrator,0,200,0,200,TRUE,4.39E-06,2.8,0.221833333,NA,Crustacean,FALSE,MOCNESS,
