phylum,scientificname,OBIS_Min of depth,OBIS_Max of depth,Min of sst,Max of sst,Min of sss,Max of sss
Annelida,Aglaophamus circinata,55,62,14.09,15.1,32.39,32.97
Annelida,Ampharete finmarchica,55,57,12.85,14.09,32.21,32.39
Annelida,Ancistrosyllis hartmanae,75,75,13.77,13.77,32.7,32.7
Annelida,Aphrodita hastata,92,92,12.84,12.84,31.52,31.52
Annelida,Apistobranchus tullbergi,57,92.2,12.85,14.94,32.24,33.11
Annelida,Apoprionospio pygmaea,57,73.4,12.64,12.85,30.26,32.24
Annelida,Arabella iricolor,58,58,14.16,14.16,32.49,32.49
Annelida,Aricidea (Acmira) catherinae,55,92.2,12.36,15.1,32.21,33.11
Annelida,Aricidea (Acmira) cerrutii,55,80,12.36,14.59,32.39,32.86
Annelida,Aricidea (Acmira) finitima,62,62,15.1,15.1,32.97,32.97
Annelida,Aricidea (Acmira) taylori,58,58,14.16,14.16,32.49,32.49
Annelida,Aricidea (Aricidea) wassi,55,62,13.63,15.1,32.21,32.97
Annelida,Aricidea (Strelzovia) suecica,57,70,12.85,13.6,32.24,32.72
Annelida,Armandia maculata,75,75,14.94,14.94,33.02,33.02
Annelida,Bradabyssa villosa,75,80,13.77,14.59,32.7,32.86
Annelida,Chaetozone setosa,55.4,55.4,13.63,13.63,32.21,32.21
Annelida,Clymenella mucosa,55.4,71,12.36,13.63,32.21,32.67
Annelida,Clymenella torquata,57,92.2,12.64,13.59,30.26,33.11
Annelida,Dipolydora socialis,73.4,88,12.64,14.94,30.26,33.03
Annelida,Drilonereis longa,55,98.3,12.85,15.1,32.24,33.2
Annelida,Eteone longa,57,57,12.85,12.85,32.24,32.24
Annelida,Euchone incolor,55,92.2,12.85,15.1,32.24,33.11
Annelida,Eunice pennata,274,911,10.83,11.29,31.92,32.08
Annelida,Eunice websteri,2000,2000,19.19,19.19,35.51,35.51
Annelida,Exogone rolani,55,75,13.63,14.94,32.21,33.02
Annelida,Exogone verugera,55,88,13.28,15.1,32.21,33.03
Annelida,Galathowenia oculata,75,92.2,13.59,14.94,33.02,33.11
Annelida,Goniada maculata,75,75,14.94,14.94,33.02,33.02
Annelida,Goniadella gracilis,55,80,12.36,15.1,32.21,32.97
Annelida,Harmothoe imbricata,57,57,12.85,12.85,32.24,32.24
Annelida,Hartmania moorei,70,70,13.6,13.6,32.72,32.72
Annelida,Hydroides dianthus,75,75,14.94,14.94,33.02,33.02
Annelida,Kirkegaardia baptisteae,55,92.2,12.85,14.94,32.21,33.11
Annelida,Kirkegaardia dorsobranchialis,57,98.3,12.85,14.94,32.24,33.2
Annelida,Leitoscoloplos acutus,55,55,14.09,14.09,32.39,32.39
Annelida,Levinsenia gracilis,57,98.3,12.64,15.1,30.26,33.2
Annelida,Lumbrinerides acuta,55,75,12.36,15.1,32.21,32.97
Annelida,Lumbrineris bidens,70,70,15.53,15.53,33.31,33.31
Annelida,Lumbrineris latreilli,75,98.3,13.28,14.94,33.02,33.2
Annelida,Lysidice hebes,75,75,14.94,14.94,33.02,33.02
Annelida,Mediomastus ambiseta,73.4,73.4,12.64,12.64,30.26,30.26
Annelida,Mooreonuphis pallidula,70,92.2,13.28,15.53,33.02,33.31
Annelida,Nephtys incisa,57,98.3,12.64,14.59,30.26,33.2
Annelida,Nereis grayi,55.4,55.4,13.63,13.63,32.21,32.21
Annelida,Nereis pelagica,71,71,12.36,12.36,32.67,32.67
Annelida,Ninoe nigripes,57,92.2,12.64,14.94,30.26,33.11
Annelida,Notocirrus spiniferus,55,55,14.09,14.09,32.39,32.39
Annelida,Notomastus latericeus,62,88,13.28,15.53,32.97,33.31
Annelida,Ophelina acuminata,88,88,13.28,13.28,33.03,33.03
Annelida,Ophelina cylindricaudata,75,98.3,14.34,14.94,33.02,33.2
Annelida,Owenia fusiformis,73.4,73.4,12.64,12.64,30.26,30.26
Annelida,Paraonis fulgens,55.4,55.4,13.63,13.63,32.21,32.21
Annelida,Paraonis pygoenigmatica,55,55,14.09,14.09,32.39,32.39
Annelida,Parapionosyllis longicirrata,55,62,12.85,15.1,32.21,32.97
Annelida,Parasabella microphthalma,75,75,14.94,14.94,33.02,33.02
Annelida,Parexogone hebes,55,92.2,12.36,15.53,32.21,33.31
Annelida,Parougia caeca,55.4,75,12.36,15.1,32.21,33.02
Annelida,Paucibranchia bellii,70,70,15.53,15.53,33.31,33.31
Annelida,Pholoe minuta,57,98.3,12.85,14.34,32.24,33.2
Annelida,Polycirrus eximius,62,75,12.64,15.1,30.26,33.02
Annelida,Potamilla neglecta,88,88,13.28,13.28,33.03,33.03
Annelida,Saphobranchia octobranchus,503,503,16.17,16.17,34.15,34.15
Annelida,Scalibregma inflatum,55,88,12.36,15.53,30.26,33.31
Annelida,Scoletoma acicularum,58,76.6,13.77,15.53,32.49,33.31
Annelida,Scoletoma fragilis,71,71,12.36,12.36,32.67,32.67
Annelida,Scoletoma tenuis,73.4,73.4,12.64,12.64,30.26,30.26
Annelida,Scoletoma verrilli,55.4,62,12.85,15.1,32.21,32.97
Annelida,Scoloplos armiger,58,88,13.28,15.53,32.49,33.31
Annelida,Sigambra tentaculata,73.4,73.4,12.64,12.64,30.26,30.26
Annelida,Spiochaetopterus oculatus,57,73.4,12.64,12.85,30.26,32.24
Annelida,Spiophanes bombyx,62,88,12.36,15.53,30.26,33.31
Annelida,Sthenelais boa,62,62,15.1,15.1,32.97,32.97
Annelida,Streptosyllis arenae,71,71,12.36,12.36,32.67,32.67
Annelida,Syllides longocirratus,55,80,13.77,14.59,32.39,32.86
Annelida,Syllis beneliahuae,75,75,13.77,13.77,32.7,32.7
Annelida,Terebellides parvus,57,70,12.85,13.6,32.24,32.72
Annelida,Terebellides stroemii,57,92.2,12.64,13.88,30.26,33.11
Annelida,Tharyx acutus,55,88,13.28,15.1,32.21,33.03
Annelida,Tharyx killariensis,73.4,73.4,12.64,12.64,30.26,30.26
Annelida,Therochaeta collarifera,503,503,16.17,16.17,34.15,34.15
Annelida,Tomopteris (Johnstonella) helgolandica,40,500,10.78,12.07,32.04,32.4
Annelida,Tomopteris septentrionalis,28,500,11.35,12.49,32.04,32.76
Annelida,Travisia carnea,62,62,15.1,15.1,32.97,32.97
Arthropoda,Acanthephyra pelagica,500,545,11.35,12.07,32.04,32.4
Arthropoda,Acanthephyra purpurea,250,500,11.92,13.84,32.28,32.93
Arthropoda,Acanthocarpus alexandri,65,271.5,13.98,16.63,32.78,34.2
Arthropoda,Acartia (Acartia) danae,500,500,11.92,13.84,32.28,32.93
Arthropoda,Acartia (Acartiura) hudsonica,40,40,10.58,10.58,32.03,32.03
Arthropoda,Acartia (Acartiura) longiremis,28,28,12.49,12.49,32.76,32.76
Arthropoda,Aega psora,306,306,10.83,10.83,31.92,31.92
Arthropoda,Aeginina longicornis,92.2,306,10.83,13.59,31.92,33.11
Arthropoda,Aegisthus mucronatus,500,500,11.92,11.92,32.28,32.28
Arthropoda,Aetideopsis armata,1410,1410,11.61,11.61,32.19,32.19
Arthropoda,Aetideus armatus,61.5,500,11.15,14.27,31.99,33.55
Arthropoda,Amalopenaeus elegans,500,500,11.35,13.84,32.04,32.93
Arthropoda,Ampelisca abdita,73.4,73.4,12.64,12.64,30.26,30.26
Arthropoda,Ampelisca agassizi,57,92.2,12.85,14.94,32.24,33.11
Arthropoda,Ampelisca verrilli,73.4,73.4,12.64,12.64,30.26,30.26
Arthropoda,Atlantopandalus propinqvus,153,512.5,10.6,15.88,31.92,34.02
Arthropoda,Bathynectes longispina,112.5,346,12.33,16.79,32.53,34.22
Arthropoda,Belzebub faxoni,500,500,13.84,13.84,32.93,32.93
Arthropoda,Byblis serrata,55,88,13.28,15.1,32.21,33.03
Arthropoda,Calanus finmarchicus,25,907,10.52,14.49,31.98,33.55
Arthropoda,Calanus glacialis,32.5,500,10.73,14.1,31.99,33.1
Arthropoda,Calanus hyperboreus,37.5,545,10.78,14.1,31.99,33.1
Arthropoda,Callinectes sapidus,51,116,12.58,12.8,30.46,31.32
Arthropoda,Calocalanus pavo,280.5,280.5,18.69,18.69,35.28,35.28
Arthropoda,Calocalanus tenuis,500,500,11.35,11.35,32.04,32.04
Arthropoda,Campylaspis affinis,98.3,98.3,14.34,14.34,33.2,33.2
Arthropoda,Campylaspis rubicunda,98.3,98.3,14.34,14.34,33.2,33.2
Arthropoda,Cancer borealis,42.5,584.5,10.62,16.94,30.58,34.45
Arthropoda,Cancer irroratus,41,753.5,10.52,16.94,30.26,34.35
Arthropoda,Candacia armata,250,545,11.15,11.35,31.99,32.04
Arthropoda,Casco bigelowi,57,92.2,12.85,13.6,32.24,33.11
Arthropoda,Centropages bradyi,52.5,500,11.35,13.84,32.04,33.41
Arthropoda,Centropages hamatus,27,250,11.35,14.27,32.04,33.55
Arthropoda,Centropages typicus,27,545,10.58,14.49,32.03,33.41
Arthropoda,Chaceon quinquedens,80.5,1229.5,11.67,16.94,31.87,34.45
Arthropoda,Chionoecetes opilio,190,298,11.44,15.73,32.33,33.87
Arthropoda,Clausocalanus furcatus,46,545,11.35,12.7,32.04,32.99
Arthropoda,Clausocalanus pergens,500,545,11.35,11.92,32.04,32.28
Arthropoda,Clytemnestra scutellata,28,500,10.8,13.84,32.04,32.93
Arthropoda,Crangon septemspinosa,28.5,208.5,10.78,14.02,30.26,32.77
Arthropoda,Crassicorophium crassicorne,55.4,55.4,13.63,13.63,32.21,32.21
Arthropoda,Cyathura polita,57,88,12.85,13.28,32.24,33.03
Arthropoda,Diastylis abbreviata,92.2,92.2,13.59,13.59,33.11,33.11
Arthropoda,Diastylis quadrispinosa,57,92.2,12.85,15.1,32.24,33.11
Arthropoda,Dichelopandalus leptocerus,46.5,512.5,10.6,15.88,31.83,34.02
Arthropoda,Dyopedos monacanthus,57,57,12.85,12.85,32.24,32.24
Arthropoda,Dyopedos porrectus,57,92.2,12.85,13.59,32.24,33.11
Arthropoda,Ericthonius brasiliensis,57,92.2,12.85,14.94,32.24,33.11
Arthropoda,Eriopisa elongata,75,98.3,13.59,14.94,32.7,33.2
Arthropoda,Euchirella rostrata,61.5,500,11.15,13.74,31.99,33.33
Arthropoda,Eudorella monodon,57,88,12.85,14.59,32.24,33.03
Arthropoda,Eudorella pusilla,57,92.2,12.85,13.59,32.24,33.11
Arthropoda,Eurycope cornuta,274,274,10.83,10.83,31.92,31.92
Arthropoda,Eusergestes arcticus,250,500,11.15,12.07,31.99,32.4
Arthropoda,Gaetanus brevispinus,250,250,11.35,11.35,32.04,32.04
Arthropoda,Gaetanus curvicornis,259.5,259.5,18.86,18.86,35.36,35.36
Arthropoda,Gaetanus tenuispinus,250,500,11.15,14.1,31.99,33.1
Arthropoda,Galacantha rostrata,2000,2000,19.19,19.19,35.51,35.51
Arthropoda,Gennadas valens,500,500,11.92,11.92,32.28,32.28
Arthropoda,Haloptilus longicornis,411,500,11.15,11.92,31.99,32.28
Arthropoda,Hansarsia megalops,34,545,10.82,12.07,31.99,32.56
Arthropoda,Harbansus bowenae,75,80,14.59,14.94,32.86,33.02
Arthropoda,Harpinia propinqva,57,98.3,12.85,14.94,32.24,33.2
Arthropoda,Heteralepas cantelli,500,500,11.14,11.14,31.99,31.99
Arthropoda,Heterorhabdus norvegicus,66.5,500,11.35,12.33,32.04,32.53
Arthropoda,Hippomedon serratus,55,92.2,13.59,14.09,32.21,33.11
Arthropoda,Homarus americanus,41,963,10.58,16.94,30.26,34.45
Arthropoda,Lebbeus groenlandicus,87,87,10.58,10.58,32.05,32.05
Arthropoda,Lebbeus microceros,500,500,11.92,11.92,32.28,32.28
Arthropoda,Lebbeus polaris,131.5,359,10.83,12.44,31.92,32.73
Arthropoda,Leptocheirus pinguis,55.4,98.3,12.85,14.34,32.21,33.2
Arthropoda,Leptostylis longimana,92.2,98.3,13.59,14.34,33.11,33.2
Arthropoda,Leucothoe spinicarpa,306,306,10.83,10.83,31.92,31.92
Arthropoda,Libinia dubia,64,95,12.75,12.78,31.14,31.26
Arthropoda,Libinia emarginata,51,175,12.57,13.48,30.26,31.97
Arthropoda,Limulus polyphemus,50,143,12.57,13.48,30.26,32.02
Arthropoda,Lithodes maja,60.5,1229.5,10.83,15.98,31.92,34.27
Arthropoda,Lucicutia flavicornis,39,500,10.52,14.1,31.99,33.1
Arthropoda,Lucicutia ovalis,500,545,11.35,11.92,32.04,32.28
Arthropoda,Mecynocera clausi,45,545,10.58,18.69,31.98,35.28
Arthropoda,Megamoera dentata,88,2558,13.18,13.28,33.03,33.03
Arthropoda,Meganyctiphanes norvegica,42.5,500,10.83,14.27,31.92,33.55
Arthropoda,Mesocalanus tenuicornis,500,500,11.35,11.35,32.04,32.04
Arthropoda,Metridia longa,27.5,545,10.52,14.49,31.99,33.41
Arthropoda,Microsetella norvegica,36,411,10.75,12.63,31.99,32.91
Arthropoda,Miracia efferata,500,500,11.35,11.35,32.04,32.04
Arthropoda,Mormonilla phasma,500,500,11.35,12.07,32.04,32.4
Arthropoda,Nannocalanus minor,75,500,11.35,14.27,32.04,33.55
Arthropoda,Nematobrachion boopis,411,500,11.15,11.92,31.99,32.28
Arthropoda,Neolithodes grimaldii,1110,1110,17.72,17.72,34.98,34.98
Arthropoda,Oithona atlantica,27.5,545,10.52,14.27,31.98,33.55
Arthropoda,Oithona similis,25,545,10.52,14.49,31.98,33.55
Arthropoda,Oncaea venusta,500,500,11.92,11.92,32.28,32.28
Arthropoda,Ovalipes ocellatus,45,130,10.96,15.72,30.46,33.7
Arthropoda,Oxyurostylis smithi,55.4,55.4,13.63,13.63,32.21,32.21
Arthropoda,Pandalus borealis,142.5,500,11.62,11.99,31.83,32.35
Arthropoda,Pandalus montagui,40,212.5,10.78,12.53,32,32.46
Arthropoda,Paraeuchaeta norvegica,30.5,500,11.11,14.27,31.99,33.55
Arthropoda,Parapagurus pilosimanus,2000,2000,19.04,19.19,35.43,35.51
Arthropoda,Parasterope pollex,57,92.2,12.85,13.59,32.24,33.11
Arthropoda,Pasiphaea multidentata,129.5,500,11.35,15.44,31.89,34.01
Arthropoda,Peratocytheridea setipunctata,88,88,13.28,13.28,33.03,33.03
Arthropoda,Photis pollex,55,92.2,13.59,14.09,32.39,33.11
Arthropoda,Phoxocephalus holbolli,55,71,12.36,15.1,32.39,32.97
Arthropoda,Pleoticus robustus,249.5,361.5,15.29,16.79,33.78,34.45
Arthropoda,Pleuromamma borealis,40,545,10.58,14.27,31.99,33.55
Arthropoda,Podon leuckartii,500,500,11.35,12.07,32.04,32.4
Arthropoda,Politolana concharum,55.4,92.2,12.36,13.63,32.21,33.11
Arthropoda,Pontophilus norvegicus,105,490,10.85,15.44,32.01,34.01
Arthropoda,Pseudoamallothrix ovata,56.5,500,10.92,13.84,32.02,32.93
Arthropoda,Ptilanthura tenuis,55.4,92.2,13.59,13.63,32.21,33.11
Arthropoda,Rhepoxynius hudsoni,55.4,88,13.28,15.53,32.21,33.31
Arthropoda,Rhincalanus nasutus,500,500,11.35,11.92,32.04,32.28
Arthropoda,Robustosergia robusta,500,500,11.35,11.92,32.04,32.28
Arthropoda,Scyllarides nodifer,49.5,123,11.59,15.47,31.88,33.61
Arthropoda,Siphonoecetes smithianus,75,75,14.94,14.94,33.02,33.02
Arthropoda,Skaptopus brychius,92.2,92.2,13.59,13.59,33.11,33.11
Arthropoda,Spinocalanus abyssalis,32.5,545,10.94,14.1,32.04,33.1
Arthropoda,Spirontocaris liljeborgii,105,202.5,10.85,11.98,31.96,32.38
Arthropoda,Spirontocaris phippsii,153,153,11.94,11.94,32.17,32.17
Arthropoda,Squilla empusa,60,77,12.68,12.8,30.46,31.18
Arthropoda,Syscenus atlanticus,2000,2000,17.6,17.72,34.97,34.98
Arthropoda,Tanaissus psammophilus,55,92.2,12.85,15.1,32.21,33.11
Arthropoda,Temora longicornis,27,500,10.58,14.49,31.98,33.41
Arthropoda,Themisto abyssorum,27,500,11.7,13.46,32.28,33.11
Arthropoda,Themisto compressa,30,500,10.78,13.46,31.92,33.11
Arthropoda,Themisto libellula,38.5,500,10.78,11.92,31.99,32.28
Arthropoda,Thysanoessa gregaria,37,44,10.76,11.89,32.23,32.67
Arthropoda,Thysanoessa longicaudata,32.5,545,10.52,12.33,31.99,32.67
Arthropoda,Thysanoessa raschii,75,500,11.35,14.27,32.04,33.55
Arthropoda,Triconia borealis,250,500,11.35,13.84,32.04,32.93
Arthropoda,Triconia conifera,38.5,545,10.78,12.44,32.04,32.63
Arthropoda,Triconia minuta,500,500,11.92,11.92,32.28,32.28
Arthropoda,Unciola irrorata,55,92.2,12.85,15.53,32.21,33.31
Bacillariophyta,Cerataulus titianus,57,57,17.09,17.09,34.64,34.64
Bacillariophyta,Chaetoceros affinis,61,285,20.18,23.44,35.76,36.16
Bacillariophyta,Chaetoceros decipiens,64,64,23.44,23.44,36.16,36.16
Bacillariophyta,Chaetoceros simplex,57,111,17.09,23.44,34.64,36.16
Bacillariophyta,Corethron hystrix,57,57,17.09,17.09,34.64,34.64
Bacillariophyta,Cylindrotheca closterium,64,285,17.09,23.44,34.64,36.16
Bacillariophyta,Fragilariopsis cylindrus,57,285,17.09,23.44,34.64,36.16
Bacillariophyta,Leptocylindrus convexus,57,57,17.09,17.09,34.64,34.64
Bacillariophyta,Leptocylindrus danicus,57,135,17.09,23.44,34.64,36.16
Bacillariophyta,Lithodesmium undulatum,109,109,17.09,17.09,34.64,34.64
Bacillariophyta,Phaeodactylum tricornutum,57,139,17.09,23.44,34.64,36.16
Bacillariophyta,Pseudo-nitzschia heimii,64,89,23.44,23.44,36.16,36.16
Bacillariophyta,Pseudo-nitzschia multiseries,61,65,20.18,21.1,35.76,35.91
Bacillariophyta,Pseudosolenia calcar-avis,90,90,21.1,21.1,35.91,35.91
Bacillariophyta,Rhizosolenia delicatula,57,57,17.09,17.09,34.64,34.64
Bacillariophyta,Rhizosolenia flaccida,57,89,17.09,17.09,34.64,34.64
Bacillariophyta,Rhizosolenia imbricata,57,111,17.09,23.44,34.64,36.16
Bacillariophyta,Sundstroemia setigera,57,57,17.09,17.09,34.64,34.64
Bacillariophyta,Thalassiosira oceanica,57,57,17.09,17.09,34.64,34.64
Bacteroidetes,Lewinella cohaerens,57,57,17.09,17.09,34.64,34.64
Bacteroidetes,Lishizhenia tianjinensis,61,284,17.09,23.44,34.64,36.16
Bacteroidetes,Microscilla marina,109,109,17.09,17.09,34.64,34.64
Bacteroidetes,Reichenbachiella agariperforans,135,236,17.09,21.1,34.64,35.91
Bacteroidetes,Wandonia haliotis,285,285,17.09,17.09,34.64,34.64
Bigyra,Cafeteria roenbergensis,288,288,20.18,20.18,35.76,35.76
Bryozoa,Eucratea loricata,86,284,20.18,23.44,35.76,36.16
Cercozoa,Pseudopirsonia mucosa,109,109,17.09,17.09,34.64,34.64
Chaetognatha,Caecosagitta macrocephala,500,500,11.35,11.92,32.04,32.28
Chaetognatha,Eukrohnia fowleri,500,500,11.35,11.92,32.04,32.28
Chaetognatha,Eukrohnia hamata,30,545,11.15,14.1,31.99,33.22
Chaetognatha,Parasagitta elegans,25,500,10.52,12.28,31.98,32.67
Chaetognatha,Pseudosagitta maxima,39.5,500,10.73,12.07,31.99,32.67
Chaetognatha,Serratosagitta serratodentata,60,500,11.15,12.33,31.99,32.53
Choanozoa,Bicosta minor,89,89,23.44,23.44,36.16,36.16
Choanozoa,Diaphanoeca grandis,86,86,20.18,20.18,35.76,35.76
Choanozoa,Didymoeca costata,160,160,23.44,23.44,36.16,36.16
Choanozoa,Pleurasiga minima,285,285,17.09,17.09,34.64,34.64
Chordata,Acanthochaenus luetkenii,1131.5,2265.5,17.39,17.84,34.74,35.06
Chordata,Acanthocybium solandri,125,1550,14.98,19.99,33.9,35.76
Chordata,Acipenser oxyrinchus,52,52,13.48,13.48,31.97,31.97
Chordata,Ahliesaurus berryi,580,585,17.6,17.84,34.97,35.06
Chordata,Aldrovandia affinis,715.5,2136,13.08,19.06,33.03,35.33
Chordata,Aldrovandia oleosa,723,723,18.01,18.01,35.12,35.12
Chordata,Aldrovandia phalacra,825.5,2652,16.19,18.17,34.33,35.12
Chordata,Alepisaurus brevirostris,465,2431.5,16.41,18.17,34.59,35.11
Chordata,Alepisaurus ferox,389.5,1322.5,17.84,17.84,35.06,35.06
Chordata,Alepocephalus agassizii,820,2652,16.32,18.01,34.33,35.12
Chordata,Alepocephalus australis,715.5,2248.5,16.32,18.01,34.33,35.12
Chordata,Alepocephalus bairdii,1229.5,1229.5,15.98,15.98,34.27,34.27
Chordata,Alopias superciliosus,200,1700,15.71,21.73,34.09,36.05
Chordata,Alopias vulpinus,73,90,12.69,12.76,30.46,31.31
Chordata,Alosa aestivalis,41,212.5,11.48,15.99,30.46,33.82
Chordata,Alosa mediocris,142,142,12.65,12.65,31.03,31.03
Chordata,Alosa pseudoharengus,41,298.5,10.6,16.67,30.38,34.34
Chordata,Alosa sapidissima,41,346,10.81,16.94,30.26,34.35
Chordata,Aluterus schoepfii,85.5,110,12.69,14.06,31.19,32.93
Chordata,Amblyraja jenseni,540,540,17.84,17.84,35.06,35.06
Chordata,Amblyraja radiata,48.5,1718,10.46,16.34,31.74,34.34
Chordata,Ammodytes americanus,40,85,11.35,12.75,31.29,32.37
Chordata,Ammodytes dubius,41,216.5,10.58,15.99,31.3,33.72
Chordata,Anarhichas denticulatus,614,1243,17.72,18.17,34.98,35.11
Chordata,Anarhichas lupus,105,189.5,10.85,11.92,32.01,32.25
Chordata,Anarhichas minor,721,818,13.53,14.37,33.25,33.54
Chordata,Anchoa hepsetus,41,78,11.22,13.48,31.01,32.92
Chordata,Anchoa mitchilli,50,141,12.58,15,30.46,33.48
Chordata,Anguilla rostrata,68,127,12.65,14.94,31.03,33.66
Chordata,Anoplogaster cornuta,363,3272,14.15,18.72,33.45,35.31
Chordata,Anotopterus pharao,824,2500,16.09,19.79,34.37,35.67
Chordata,Anthias nicholsi,132,195.5,15.29,16.35,33.78,34.15
Chordata,Antigonia capros,100.5,276.5,14.75,16.94,33.2,34.35
Chordata,Antimora rostrata,125.5,2713,13.08,22.52,33.03,36.1
Chordata,Apristurus indicus,1086,1086,17.43,17.43,34.83,34.83
Chordata,Apristurus manis,581,1808,13.53,18.01,33.25,35.12
Chordata,Apristurus profundorum,715.5,2652,17.84,18.01,35.02,35.12
Chordata,Arctozenus risso,247.5,3272,14.37,18.2,33.54,35.23
Chordata,Argentina silus,50.5,253.5,11.34,16.94,32.1,34.35
Chordata,Argentina striata,93.5,346,14.5,16.83,33.2,34.28
Chordata,Argyropelecus aculeatus,363,3417.5,15.19,18.72,34.08,35.31
Chordata,Argyropelecus affinis,2111.5,2111.5,16.09,16.09,34.37,34.37
Chordata,Argyropelecus gigas,235,2587,14.15,18.31,33.45,35.25
Chordata,Argyropelecus hemigymnus,363,3417.5,14.54,18.72,33.71,35.31
Chordata,Argyropelecus sladeni,2162,2162,18.45,18.45,35.2,35.2
Chordata,Ariomma bondi,45.5,2100,10.82,18.62,32.29,35.26
Chordata,Ariomma melana,580,580,17.72,17.72,34.98,34.98
Chordata,Aristostomias lunifer,350,350,17.72,17.72,34.98,34.98
Chordata,Aristostomias tittmanni,363,363,18.62,18.62,35.26,35.26
Chordata,Aspidophoroides monopterygius,53.5,186,10.58,13.04,31.74,33.06
Chordata,Astronesthes niger,739,739,14.88,14.88,33.92,33.92
Chordata,Astroscopus guttatus,74,74,13.48,13.48,31.94,31.94
Chordata,Atractodenchelys phrix,900,906,16.15,16.15,34.22,34.22
Chordata,Auxis rochei,700,1537,14.56,18.17,33.65,35.11
Chordata,Avocettina infans,235,818,18.01,18.01,35.12,35.12
Chordata,Bajacalifornia megalops,508,879.5,15.92,17.84,34.33,35.06
Chordata,Baldwinella aureorubens,103,257.5,15.23,16.63,33.67,34.34
Chordata,Balistes capriscus,86,140.5,12.63,14.48,31.44,33.6
Chordata,Barathrites parri,1176.5,2248.5,17.39,17.39,34.81,34.81
Chordata,Bathophilus vaillanti,380,1131.5,17.43,18.01,34.74,35.12
Chordata,Bathygadus favosus,1197,1447.5,17.72,18.01,34.98,35.12
Chordata,Bathylagichthys greyae,724,724,17.95,17.95,35.12,35.12
Chordata,Bathylagus euryops,363,3417.5,14.54,18.72,33.71,35.31
Chordata,Bathypterois dubius,723,1148.5,17.84,18.01,35.06,35.12
Chordata,Bathypterois grallator,540,2248.5,17.06,17.84,34.58,35.06
Chordata,Bathypterois phenax,1167,2652,15.83,18.18,34.24,35.16
Chordata,Bathypterois quadrifilis,593,1489.5,16.19,18.01,34.34,35.12
Chordata,Bathypterois viridensis,921,1643,15.49,16.34,34.16,34.31
Chordata,Bathysaurus ferox,1011,2652,14.7,17.84,33.76,35.06
Chordata,Bathysaurus mollis,1877,3236,16.29,19.65,34.43,35.6
Chordata,Bathytoshia centroura,50.5,114,12.59,14.55,30.83,32.58
Chordata,Bathytroctes microlepis,832,832,17.84,17.84,35.06,35.06
Chordata,Bembrops anatirostris,97,103,15.55,15.76,33.71,33.94
Chordata,Bembrops gobioides,138.5,361.5,15.76,15.88,33.78,34.02
Chordata,Benthocometes robustus,299,299,16.85,16.85,34.31,34.31
Chordata,Benthodesmus simonyi,254,2587,13.6,18.31,33.35,35.25
Chordata,Benthodesmus tenuis,1213,1213,18.17,18.17,35.11,35.11
Chordata,Benthosema glaciale,250,3008,11.35,18.18,32.04,35.16
Chordata,Bolinichthys supralateralis,1209.5,2328,18.01,18.17,35.11,35.12
Chordata,Borostomias antarcticus,363,3417.5,15.55,18.62,34.09,35.26
Chordata,Brama brama,120,662,12.79,18.01,31.3,35.12
Chordata,Bregmaceros atlanticus,1260,1260,18.01,18.01,35.12,35.12
Chordata,Brevoortia tyrannus,52,116,12.58,14.78,30.6,32.81
Chordata,Brosme brosme,40,359,10.6,12.44,31.93,32.85
Chordata,Brotulotaenia crassa,486,486,18.31,18.31,35.25,35.25
Chordata,Brotulotaenia nigra,181,821.5,17.84,18.31,35.02,35.25
Chordata,Bythites gerdae,1090,1090,16.15,16.15,34.21,34.21
Chordata,Caranx crysos,50,334,12.64,15.87,30.26,34.04
Chordata,Caranx hippos,64,118,12.63,12.78,30.38,31.26
Chordata,Carcharhinus altimus,187.5,187.5,15.75,15.75,33.93,33.93
Chordata,Carcharhinus falciformis,187.5,2100,14.88,22.26,33.88,36.1
Chordata,Carcharhinus longimanus,2100,2100,22.02,22.02,36.07,36.07
Chordata,Carcharhinus obscurus,91,91,12.67,12.67,31.1,31.1
Chordata,Carcharhinus plumbeus,88,1700,13.34,21.73,33.03,36.05
Chordata,Carcharhinus signatus,197.5,500,15.89,16.71,34.09,34.45
Chordata,Carcharias taurus,440,440,15.22,15.22,33.9,33.9
Chordata,Caretta caretta,60,2400,14.18,22.9,33.51,36.37
Chordata,Centrobranchus nigroocellatus,1260,1260,18.01,18.01,35.12,35.12
Chordata,Centropristis ocyurus,104.5,104.5,13.9,13.9,33.38,33.38
Chordata,Centropristis striata,48,224,11.64,16.83,30.26,34.28
Chordata,Centroscyllium fabricii,818,1229.5,14.8,16.32,33.73,34.33
Chordata,Centroscymnus coelolepis,818,1229.5,14.8,16.16,33.73,34.27
Chordata,Ceratias holboelli,2841,2841,18.18,18.18,35.16,35.16
Chordata,Ceratoscopelus maderensis,403.5,3272,14.86,18.31,33.88,35.25
Chordata,Ceratoscopelus warmingii,2184,3272,17.12,18.2,34.87,35.23
Chordata,Cetostoma regani,706.5,3321.5,17.09,18.72,34.76,35.31
Chordata,Chauliodus danae,404.5,3417.5,16.09,18.72,34.37,35.31
Chordata,Chauliodus sloani,228.5,3417.5,11.87,18.72,32.32,35.31
Chordata,Chaunacops roseus,1068,3107,16.14,22.52,34.18,36.1
Chordata,Chaunax stigmaeus,349.5,349.5,15.76,15.76,33.94,33.94
Chordata,Chaunax suttkusi,175.5,175.5,15.76,15.76,33.94,33.94
Chordata,Chiasmodon niger,363,3417.5,14.62,18.62,33.64,35.26
Chordata,Chirostomias pliopterus,505.5,2500,16.09,19.79,34.37,35.67
Chordata,Chlorophthalmus agassizi,110,2673,10.6,18.45,31.92,35.2
Chordata,Citharichthys arctifrons,46.5,753.5,10.92,16.94,30.46,34.35
Chordata,Citharichthys spilopterus,49.5,61.5,12.13,12.68,31.98,32.45
Chordata,Clupea harengus,41,259.5,10.58,16.83,30.26,34.28
Chordata,Coccorella atlantica,205.5,3272,14.7,18.2,33.75,35.23
Chordata,Coelorinchus caelorhincus,240,1555,14.54,16.7,33.65,34.34
Chordata,Conger oceanicus,53,258,12.63,16.83,30.65,34.28
Chordata,Cookeolus japonicus,53.5,131.5,14.74,16.44,32.72,33.98
Chordata,Coryphaena hippurus,80,152,16.36,18.22,34.28,35.27
Chordata,Coryphaenoides armatus,753.5,2248.5,14.88,17.39,33.92,34.81
Chordata,Coryphaenoides brevibarbis,1176.5,1176.5,17.39,17.39,34.81,34.81
Chordata,Coryphaenoides carapinus,1176.5,2248.5,17.39,17.39,34.81,34.81
Chordata,Coryphaenoides mediterraneus,827.5,827.5,17.84,17.84,35.06,35.06
Chordata,Coryphaenoides rupestris,593,1511,13.53,18.01,33.25,35.12
Chordata,Cottunculus thomsonii,649,1371,13.53,18.01,33.25,35.12
Chordata,Cruriraja rugosa,505,1453,13.53,17.04,33.25,34.6
Chordata,Cryptacanthodes maculatus,52,203.5,11.59,13.5,32.24,32.77
Chordata,Cryptopsaras couesii,205.5,3417.5,14.45,18.4,33.6,35.23
Chordata,Cubiceps gracilis,404.5,404.5,16.29,16.29,34.37,34.37
Chordata,Cubiceps pauciradiatus,205.5,580,14.7,17.72,33.75,34.98
Chordata,Cyclopsetta fimbriata,80,80,14.79,14.79,33.03,33.03
Chordata,Cyclopterus lumpus,71.5,71.5,11.64,11.64,32.56,32.56
Chordata,Cyclothone braueri,250,500,11.35,11.92,32.04,32.28
Chordata,Cyclothone microdon,403.5,2111.5,14.88,18.31,33.92,35.25
Chordata,Cyclothone pseudopallida,500,500,11.92,11.92,32.28,32.28
Chordata,Cyema atrum,1102.5,1102.5,18.2,18.2,35.23,35.23
Chordata,Cynoscion regalis,50,143,12.57,16.46,30.26,34.04
Chordata,Cyttopsis rosea,240,240,16.11,16.11,33.92,33.92
Chordata,Dasyscopelus asper,3272,3272,18.2,18.2,35.23,35.23
Chordata,Dasyscopelus selenops,2184,3417.5,17.12,18.4,34.87,35.23
Chordata,Decapterus macarellus,50.5,1936,10.91,17.72,31.19,34.98
Chordata,Decapterus punctatus,50,1213,12.5,18.17,30.46,35.12
Chordata,Delphinus delphis,195,205,14.37,16.18,33.54,34.13
Chordata,Derichthys serpentinus,350,3321.5,14.15,18.72,33.45,35.31
Chordata,Dermochelys coriacea,187.5,2445,13.69,22.57,33.27,36.06
Chordata,Desmodema polystictum,680,3321.5,18.18,18.72,35.16,35.31
Chordata,Diaphus dumerilii,822,2328,15.55,18.18,34.09,35.16
Chordata,Diaphus effulgens,144,3008,16.46,18.58,34.2,35.19
Chordata,Diaphus lucidus,1260,2184,17.12,18.01,34.87,35.12
Chordata,Diastobranchus capensis,655,701,17.84,18.01,35.06,35.12
Chordata,Dibranchus atlanticus,319,595,15.19,16.71,33.94,34.45
Chordata,Dicrolene introniger,731,3255,15.19,19.65,34.08,35.6
Chordata,Diodon hystrix,2162,2162,18.45,18.45,35.2,35.2
Chordata,Diplacanthopoma brachysoma,1228,1228,17.19,17.19,34.59,34.59
Chordata,Diplophos taenia,251.5,3272,17.6,18.2,34.97,35.23
Chordata,Diplospinus multistriatus,1132.5,2169,15.19,18.01,34.08,35.12
Chordata,Dipturus laevis,38.5,584.5,10.52,16.83,31.28,34.28
Chordata,Diretmus argenteus,207,1541.5,15.55,18.17,34.09,35.11
Chordata,Dolicholagus longirostris,181,3417.5,17.3,18.4,34.77,35.25
Chordata,Echiostoma barbatum,350,2184,17.12,18.72,34.87,35.31
Chordata,Einara macrolepis,818,818,18.01,18.01,35.12,35.12
Chordata,Enchelyopus cimbrius,53,349.5,11.44,16.42,31.1,34.09
Chordata,Engraulis eurystole,45.5,96,10.82,12.72,31.19,32.59
Chordata,Epigonus denticulatus,69,69,17.9,17.9,35.07,35.07
Chordata,Epigonus pandionis,224,282,15.24,15.8,33.75,33.97
Chordata,Etmopterus gracilispinis,597,1153.5,15.17,17.72,33.86,34.98
Chordata,Etmopterus princeps,661.5,1158,16.32,17.84,34.33,35.06
Chordata,Etropus microstomus,46.5,237.5,11.05,16.7,30.46,34.23
Chordata,Etrumeus sadina,48.5,150,12.18,15.47,30.46,33.61
Chordata,Eurypharynx pelecanoides,363,3417.5,14.54,18.72,33.71,35.31
Chordata,Eustomias filifer,380,380,18.01,18.01,35.12,35.12
Chordata,Eustomias furcifer,796,796,18.01,18.01,35.12,35.12
Chordata,Eustomias obscurus,822,2841,17.84,18.18,35.06,35.16
Chordata,Eustomias schiffi,673.5,673.5,18.17,18.17,35.11,35.11
Chordata,Eustomias schmidti,739,1447.5,14.88,18.01,33.92,35.12
Chordata,Evermannella balbo,204,1000,17.3,17.72,34.77,34.98
Chordata,Evoxymetopon taeniatus,144,144,16.36,16.36,34.1,34.1
Chordata,Fenestraja plutonia,2024,2024,17.06,17.06,34.58,34.58
Chordata,Fistularia petimba,49,52.5,13.14,13.17,32.02,32.07
Chordata,Fistularia tabacaria,54,115,12.57,13.23,30.58,31.61
Chordata,Flagellostomias boureei,449.5,2280.5,15.55,17.95,34.09,35.12
Chordata,Foetorepus agassizii,72,313,14.38,16.94,33.05,34.35
Chordata,Fowlerichthys ocellatus,132.5,132.5,15.44,15.44,33.62,33.62
Chordata,Fowlerichthys radiosus,140.5,140.5,16.94,16.94,34.35,34.35
Chordata,Fritillaria borealis,40,500,10.78,13.74,31.99,33.33
Chordata,Gadella imberbis,41.5,331.5,15.76,16.71,33.83,34.45
Chordata,Gadus morhua,28.5,288,10.46,14.63,30.38,33.37
Chordata,Gaidropsarus ensis,768,1978,12.81,17.84,32.9,35.06
Chordata,Galeocerdo cuvier,170,2635,14.79,23.78,33.73,36.37
Chordata,Gigantactis ios,944,944,17.84,17.84,35.06,35.06
Chordata,Gigantura chuni,541,541,17.84,17.84,35.02,35.02
Chordata,Gigantura indica,700,700,18.17,18.17,35.11,35.11
Chordata,Glyptocephalus cynoglossus,51,1522,10.6,17.19,31.83,34.59
Chordata,Gonichthys cocco,2603.5,2603.5,18.58,18.58,35.19,35.19
Chordata,Gonostoma atlanticum,822,2076.5,17.84,17.84,35.06,35.06
Chordata,Grammatostomias flagellibarba,818,818,18.01,18.01,35.12,35.12
Chordata,Grampus griseus,225,675,14.33,17.12,33.51,34.67
Chordata,Gyrinomimus bruuni,700,700,16.64,16.64,34.5,34.5
Chordata,Halargyreus johnsonii,715.5,2265.5,16.32,18.18,34.33,35.16
Chordata,Halosauropsis macrochir,1011,2657,15.49,19.65,34.16,35.6
Chordata,Halosaurus guentheri,832,2012.5,16.34,17.84,34.31,35.06
Chordata,Harriotta raleighana,818,1639,14.37,16.34,33.54,34.33
Chordata,Helicolenus dactylopterus,80,1159,10.6,17.01,31.92,34.45
Chordata,Hemitripterus americanus,38.5,258.5,10.52,15.2,30.38,33.89
Chordata,Heterophotus ophistoma,700,700,18.17,18.17,35.11,35.11
Chordata,Heteropriacanthus cruentatus,58,58,12.37,12.37,32.61,32.61
Chordata,Himantolophus albinares,508,508,15.92,15.92,34.33,34.33
Chordata,Hippocampus erectus,51,2100,12.78,17.72,31.26,34.98
Chordata,Hippocampus reidi,1094.5,2543,15.66,18.18,34.11,35.16
Chordata,Hippoglossina oblonga,41,753.5,10.46,16.94,30.26,34.35
Chordata,Hippoglossoides platessoides,43.5,365.5,10.46,15.71,31.74,33.96
Chordata,Hippoglossus hippoglossus,48.5,1657,10.58,15.17,31.81,33.88
Chordata,Hoplostethus mediterraneus,250,279,15.26,16.36,33.75,34.1
Chordata,Hoplostethus occidentalis,121,121,15.87,15.87,33.83,33.83
Chordata,Howella brodiei,714,3008,16.09,19.79,34.37,35.67
Chordata,Hydrolagus affinis,593,2652,17.72,19.11,34.98,35.34
Chordata,Hydrolagus pallidus,1877,1877,16.75,16.75,34.57,34.57
Chordata,Hygophum benoiti,822,2841,17.72,18.18,34.98,35.16
Chordata,Hygophum hygomii,209,3417.5,17.84,18.4,35.06,35.19
Chordata,Hygophum reinhardtii,1260,2275.5,18.01,18.18,35.12,35.16
Chordata,Hypanus say,120,120,12.57,12.57,30.58,30.58
Chordata,Hyperoglyphe perciformis,2381.5,2381.5,18.01,18.01,35.12,35.12
Chordata,Ichthyococcus ovatus,500,3316.5,16.09,18.45,34.37,35.2
Chordata,Idiacanthus fasciola,1209.5,2280.5,17.09,18.18,34.76,35.16
Chordata,Ijimaia antillarum,183,183,16.29,16.29,34.01,34.01
Chordata,Ilyophis brunneus,731,3250,16.16,19.73,34.24,35.6
Chordata,Istiophorus albicans,1825,1825,21.91,21.91,36.08,36.08
Chordata,Isurus oxyrinchus,149,2400,12.81,22.9,32.9,36.37
Chordata,Isurus paucus,212.5,2100,14.18,22.19,33.52,36.09
Chordata,Kajikia albida,170,2100,13.21,23.12,33.13,36.16
Chordata,Kali indica,796,2328,18.01,18.01,35.12,35.12
Chordata,Kali macrodon,700,700,18.17,18.17,35.11,35.11
Chordata,Kali macrura,1104,1104,18.72,18.72,35.31,35.31
Chordata,Katsuwonus pelamis,149,645,15.32,16.71,33.94,34.45
Chordata,Laemonema barbatulum,211,3008,13.6,18.72,33.34,35.31
Chordata,Laemonema goodebeanorum,590,618,14.94,14.94,33.87,33.87
Chordata,Lagodon rhomboides,53,115,12.65,13.41,31.08,32.02
Chordata,Lamna nasus,262.5,2160,13.9,23.06,33.48,36.15
Chordata,Lampadena luminosa,822,1209.5,17.84,18.17,35.06,35.11
Chordata,Lampadena speculigera,403.5,3417.5,15.92,18.4,34.33,35.25
Chordata,Lampadena urophaos,2603.5,2603.5,18.58,18.58,35.19,35.19
Chordata,Lampanyctus alatus,822,2328,15.55,18.18,34.09,35.16
Chordata,Lampanyctus lineatus,944,944,17.84,17.84,35.06,35.06
Chordata,Lampanyctus macdonaldi,662,2841,15.55,18.18,34.09,35.16
Chordata,Lampris guttatus,275,1300,15.25,18.27,33.92,35.26
Chordata,Lamprogrammus brunswigi,661.5,661.5,16.32,16.32,34.33,34.33
Chordata,Leiostomus xanthurus,51,115,12.62,13.48,30.46,32.02
Chordata,Lepidochelys kempii,51,51,12.78,12.78,31.26,31.26
Chordata,Lepidocybium flavobrunneum,325,2125,14.98,23.78,33.92,36.35
Chordata,Lepidophanes guentheri,403.5,2328,14.86,18.31,33.88,35.25
Chordata,Lepidopus altifrons,232,232,15.68,15.68,33.86,33.86
Chordata,Lepophidium profundorum,49.5,298,11.92,16.83,32.08,34.28
Chordata,Leptoclinus maculatus,135,156.5,11.85,15.76,32.19,33.95
Chordata,Leptostomias gladiator,505.5,2275.5,16.09,18.18,34.37,35.16
Chordata,Lestrolepis intermedia,232,232,15.68,15.68,33.86,33.86
Chordata,Leucoraja erinaceus,38.5,584.5,10.58,16.94,30.26,34.35
Chordata,Leucoraja garmani,61.5,584.5,12.65,16.94,30.65,34.35
Chordata,Leucoraja ocellata,38.5,311.5,10.52,16.1,30.26,34.02
Chordata,Liparis atlanticus,46.5,1077.5,11.18,15.79,32.21,33.92
Chordata,Lobianchia dofleini,1260,3417.5,16.09,18.4,34.37,35.19
Chordata,Lobianchia gemellarii,1260,3008,17.12,18.01,34.87,35.12
Chordata,Lophius americanus,45.5,1961,10.58,18.17,30.38,35.12
Chordata,Lophius gastrophysus,48.5,271.5,12.53,15.97,32.33,33.97
Chordata,Lopholatilus chamaeleonticeps,84.5,249.5,12.25,16.33,32.56,34.12
Chordata,Luciobrotula corethromycter,1477,2478,15.17,22.52,33.86,36.1
Chordata,Lumpenus lampretaeformis,109.5,916,11.95,14.58,32.15,33.69
Chordata,Lycenchelys paxillus,521,1973,12.81,17.06,32.9,34.58
Chordata,Lycenchelys verrillii,80,796,11.68,16.85,31.25,34.31
Chordata,Lycodes esmarkii,696,696,13.53,13.53,33.25,33.25
Chordata,Lycodes terraenovae,701,1781,16.1,18.01,34.15,35.12
Chordata,Lycodonus mirabilis,731,2022,16.16,17.06,34.24,34.58
Chordata,Macroramphosus scolopax,88,271.5,14.89,16.94,33.17,34.35
Chordata,Macrourus berglax,593,1984,14.58,18.01,33.69,35.12
Chordata,Magnisudis atlantica,580,2500,17.2,19.79,34.77,35.67
Chordata,Makaira nigricans,187.5,2100,15.18,23.12,33.76,36.16
Chordata,Malacocephalus occidentalis,253.5,297,16.11,16.46,33.92,34.2
Chordata,Malacoraja senta,61.5,1729,10.6,17.38,31.83,34.69
Chordata,Malacosteus niger,363,3417.5,14.54,18.72,33.71,35.31
Chordata,Mallotus villosus,36,36,10.75,10.75,32.22,32.22
Chordata,Maulisia microlepis,680,821.5,17.84,18.18,35.02,35.16
Chordata,Maurolicus weitzmani,68,359,10.6,16.94,31.87,34.35
Chordata,Melamphaes microps,500,2162,15.55,18.45,34.09,35.2
Chordata,Melamphaes suborbitalis,457.5,3321.5,15.92,18.72,34.33,35.31
Chordata,Melanocetus johnsonii,363,2431.5,14.15,18.62,33.45,35.26
Chordata,Melanogrammus aeglefinus,38.5,512.5,10.46,15.74,31.79,33.76
Chordata,Melanolagus bericoides,285,3321.5,16.5,18.72,34.54,35.31
Chordata,Melanonus zugmayeri,1215,1936,17.72,18.01,34.98,35.12
Chordata,Melanostigma atlanticum,171,3008,11.68,17.94,32.02,35.05
Chordata,Melanostomias bartonbeani,251.5,2320.5,16.32,18.45,34.33,35.2
Chordata,Menidia menidia,47.5,94.5,12.28,15.56,31.89,33.39
Chordata,Menticirrhus saxatilis,80.5,139,14.92,16.36,33.02,34.1
Chordata,Merluccius albidus,71,1158,11.59,16.94,32.25,34.45
Chordata,Merluccius bilinearis,41,1109.5,10.58,16.94,30.26,34.35
Chordata,Micropogonias undulatus,65,118,12.58,12.73,31.28,31.32
Chordata,Mola mola,475,475,16.5,16.5,34.3,34.3
Chordata,Monacanthus ciliatus,125,125,12.79,12.79,31.3,31.3
Chordata,Monognathus jesperseni,796,796,18.01,18.01,35.12,35.12
Chordata,Monolene sessilicauda,167,3321.5,14.88,18.72,33.83,35.31
Chordata,Monomitopus agassizii,731,1107,16.14,16.32,34.18,34.33
Chordata,Morone saxatilis,49.5,120,11.44,13.48,30.6,32.3
Chordata,Morus bassanus,850,850,13.69,13.69,33.27,33.27
Chordata,Mugil cephalus,115,115,12.65,12.65,30.65,30.65
Chordata,Mullus auratus,50,113,12.77,15.44,31.26,33.62
Chordata,Mustelus canis,42.5,3540,11.12,16.94,30.26,34.35
Chordata,Myctophum affine,1149,1149,17.72,17.72,34.98,34.98
Chordata,Myctophum nitidulum,1260,3272,17.12,18.2,34.87,35.23
Chordata,Myctophum punctatum,1094.5,1094.5,18.01,18.01,35.12,35.12
Chordata,Myoxocephalus aenaeus,48.5,93.5,10.52,11.82,31.99,32.51
Chordata,Myoxocephalus octodecemspinosus,41,245,10.52,15.79,30.38,33.55
Chordata,Myoxocephalus scorpius,500,500,11.54,11.54,32.1,32.1
Chordata,Myxine glutinosa,62.5,346,11.44,16.85,31.87,34.45
Chordata,Myzopsetta ferruginea,38.5,311.5,10.58,15.31,31.1,33.95
Chordata,Nansenia longicauda,212,212,18.17,18.17,35.11,35.11
Chordata,Narcetes stomias,832,2652,17.39,17.84,34.81,35.06
Chordata,Nealotus tripes,403.5,2717,17.6,18.31,34.97,35.25
Chordata,Nemichthys scolopaceus,73,3417.5,12.64,18.72,32.8,35.31
Chordata,Neobathyclupea argentea,221,221,15.76,15.76,33.94,33.94
Chordata,Neocyttus helgae,709,1657,13.53,17.19,33.25,34.6
Chordata,Nesiarchus nasutus,50.5,254,14.37,15.26,32.49,33.76
Chordata,Nessorhamphus ingolfianus,363,3417.5,14.88,18.72,33.92,35.31
Chordata,Nezumia aequalis,498,2126,12.81,22.07,32.9,35.99
Chordata,Nezumia bairdii,234.5,2731,12.81,19.65,32.9,35.6
Chordata,Nezumia longebarbata,701,1984,17.6,18.17,34.97,35.12
Chordata,Nezumia sclerorhynchus,1489.5,1489.5,18.01,18.01,35.12,35.12
Chordata,Nezumia suilla,669,1148.5,17.84,18.17,35.06,35.12
Chordata,Normichthys operosus,465,2500,15.92,19.79,34.33,35.67
Chordata,Notacanthus bonaparte,944,944,17.84,17.84,35.06,35.06
Chordata,Notacanthus chemnitzii,863,1984,13.53,18.01,33.25,35.12
Chordata,Notoscopelus caudispinosus,181,2328,17.12,18.31,34.87,35.25
Chordata,Notoscopelus resplendens,403.5,2328,17.72,18.31,34.98,35.25
Chordata,Oikopleura (Vexillaria) labradoriensis,35.5,500,11.62,11.92,32.28,32.38
Chordata,Omosudis lowii,363,2841,16.09,18.72,34.37,35.31
Chordata,Oneirodes macrosteus,580,580,17.2,17.2,34.77,34.77
Chordata,Ophichthus cruentifer,61,314.5,14.38,16.33,32.93,34.02
Chordata,Ophidion marginatum,63.5,77,12.69,13.09,30.46,32.32
Chordata,Opsanus tau,101,101,12.65,12.65,31.03,31.03
Chordata,Pachystomias microdon,1142,2500,18.4,19.79,35.19,35.67
Chordata,Paralepis coregonoides,512.5,512.5,13.36,13.36,33.05,33.05
Chordata,Paralichthys dentatus,38.5,3540,10.79,16.94,30.26,34.35
Chordata,Paraliparis bathybius,594,594,16.04,16.04,34.13,34.13
Chordata,Parascombrops spinosus,123.5,314.5,15.26,16.94,33.73,34.35
Chordata,Parasudis truculenta,137.5,673.5,13.85,18.17,33.31,35.11
Chordata,Peprilus triacanthus,41,2587,10.52,18.18,30.26,35.16
Chordata,Peristedion miniatum,73,287,13.02,16.7,32.83,34.23
Chordata,Petromyzon marinus,54,2100,10.85,17.6,31.74,34.97
Chordata,Pholis fasciata,52,52,12.8,12.8,31.18,31.18
Chordata,Pholis gunnellus,48,83,10.73,12.91,31.88,32.32
Chordata,Photonectes margarita,251.5,2378.5,17.6,18.01,34.97,35.12
Chordata,Photostomias guernei,363,3321.5,14.88,18.72,33.92,35.31
Chordata,Photostylus pycnopterus,580,2280.5,17.84,17.95,35.06,35.12
Chordata,Phycis chesteri,137,1507,10.83,17.84,31.92,35.06
Chordata,Phycis phycis,648,1136,13.6,16.19,33.35,34.34
Chordata,Physiculus fulvus,25,205.5,14.82,15.23,33.32,33.68
Chordata,Plectrypops retrospinis,253.5,253.5,16.11,16.11,33.92,33.92
Chordata,Poecilopsetta beanii,2603.5,2603.5,18.58,18.58,35.19,35.19
Chordata,Pollachius virens,49.5,291.5,10.46,14.77,30.6,33.64
Chordata,Pollichthys mauli,500,1964,11.35,17.84,32.04,35.06
Chordata,Polyacanthonotus challengeri,1586,1586,15.95,15.95,34.2,34.2
Chordata,Polyacanthonotus rissoanus,701,2012.5,17.84,18.01,35.06,35.12
Chordata,Polyipnus clarus,297,387,13.21,18.62,33.13,35.26
Chordata,Polymetme thaeocoryla,249,297,15.68,15.76,33.86,34.02
Chordata,Polymixia lowei,73,2100,11.34,17.84,32.14,35.06
Chordata,Pomatomus saltatrix,48,785.5,10.81,16.29,30.26,34.02
Chordata,Pontinus longispinis,119,275.5,14.82,16.79,33.32,34.22
Chordata,Porogadus miles,1176.5,1176.5,17.39,17.39,34.81,34.81
Chordata,Poromitra capito,1215,3417.5,17.6,18.72,34.97,35.31
Chordata,Poromitra crassiceps,662,3417.5,17.07,18.45,34.74,35.23
Chordata,Poromitra megalops,3008,3008,17.94,17.94,35.05,35.05
Chordata,Priacanthus arenatus,42.5,211,10.82,15.66,31.48,33.85
Chordata,Prionace glauca,79,2445,12.81,23.81,32.9,36.37
Chordata,Prionotus alatus,65.5,140.5,15.74,16.94,33.56,34.35
Chordata,Prionotus carolinus,42.5,346,10.91,16.83,30.26,34.28
Chordata,Prionotus evolans,50,279.5,12.5,16.94,30.26,34.35
Chordata,Pristigenys alta,52,125,12.62,12.98,30.26,31.44
Chordata,Promethichthys prometheus,2275.5,2275.5,18.18,18.18,35.16,35.16
Chordata,Psenes maculatus,185.5,291,11.29,18.17,32.4,35.12
Chordata,Psenes pellucidus,204,3008,14.56,18.31,33.65,35.25
Chordata,Pseudopleuronectes americanus,38.5,197,10.52,16.18,30.26,33.79
Chordata,Pseudoscopelus astronesthidens,435,741,17.84,17.95,35.02,35.12
Chordata,Pseudoscopelus scriptus,2125.5,2150,17.84,17.95,35.02,35.12
Chordata,Pteroplatytrygon violacea,170,2100,14.33,22.58,33.51,36.13
Chordata,Pterycombus brama,277,3321.5,16.52,18.72,34.62,35.31
Chordata,Puffinus gravis,210,2635,15.78,23.91,33.97,36.24
Chordata,Rajella bigelowi,723,1878,15.44,18.01,34.01,35.12
Chordata,Rajella fyllae,1327,1443.5,17.84,17.84,35.06,35.06
Chordata,Regalecus glesne,204,2587,14.62,18.18,33.64,35.16
Chordata,Reinhardtius hippoglossoides,490,1629,13.6,16.32,33.35,34.33
Chordata,Remora remora,62,112,14.84,15.64,32.9,33.63
Chordata,Rhadinesthes decimus,820,820,17.84,17.84,35.06,35.06
Chordata,Rhinochimaera atlantica,818,1229.5,14.8,16.32,33.73,34.33
Chordata,Rhinoptera bonasus,50,63,12.62,13.1,30.85,31.3
Chordata,Rhynchoconger gracilior,138.5,138.5,15.81,15.81,33.78,33.78
Chordata,Rondeletia bicolor,741,2381.5,17.95,18.01,35.12,35.12
Chordata,Rondeletia loricata,285,3321.5,16.5,18.72,34.54,35.31
Chordata,Rostroraja eglanteria,48.5,156,12.57,16.83,30.26,34.28
Chordata,Rouleina attrita,834,2652,17.39,17.84,34.81,35.06
Chordata,Ruvettus pretiosus,882.5,1320.5,15.03,18.14,33.89,35.2
Chordata,Saccopharynx ampullaceus,505.5,834,16.09,18.18,34.37,35.16
Chordata,Schedophilus velaini,209.5,209.5,17.72,17.72,34.98,34.98
Chordata,Scomber japonicus,123.5,123.5,15.72,15.72,33.7,33.7
Chordata,Scomber scombrus,41,386.5,10.62,16.94,31,34.35
Chordata,Scomberesox saurus,41,1718,11.22,15.77,31.88,34.19
Chordata,Scombrolabrax heterolepis,972,972,18.26,18.26,35.23,35.23
Chordata,Scopelarchus analis,822,2603.5,17.84,18.58,35.06,35.19
Chordata,Scopeloberyx opisthopterus,858,1586,15.55,15.95,34.09,34.2
Chordata,Scopelogadus beanii,285,3417.5,14.15,18.72,33.45,35.31
Chordata,Scophthalmus aquosus,38.5,311.5,10.74,15.22,30.26,33.83
Chordata,Scyliorhinus retifer,70,584.5,14.33,16.94,32.76,34.35
Chordata,Sebastes fasciatus,58,817,10.52,16.09,31.82,33.98
Chordata,Selar crumenophthalmus,53,235,12.68,18.01,30.6,35.12
Chordata,Selene setapinnis,51,342.5,12.15,15.88,30.26,34.02
Chordata,Selene vomer,245.5,245.5,15.8,15.8,33.98,33.98
Chordata,Seriola fasciata,585,585,17.6,17.6,34.97,34.97
Chordata,Serrivomer beanii,363,3417.5,16.09,18.72,34.33,35.31
Chordata,Serrivomer lanceolatoides,209,817,17.72,17.84,34.98,35.06
Chordata,Sigmops bathyphilus,403.5,3417.5,15.66,18.72,34.11,35.31
Chordata,Sigmops elongatus,181,3417.5,14.8,18.72,33.73,35.31
Chordata,Simenchelys parasitica,731,1229.5,12.81,16.32,32.9,34.33
Chordata,Somniosus microcephalus,765,765,16.1,16.1,34.15,34.15
Chordata,Spectrunculus grandis,1176.5,1878,16.29,17.39,34.43,34.81
Chordata,Sphagemacrurus grenadae,655,1489.5,17.84,18.01,35.06,35.12
Chordata,Sphoeroides maculatus,50,125,12.58,14.94,30.26,33.66
Chordata,Sphoeroides pachygaster,2543,2543,18.18,18.18,35.16,35.16
Chordata,Sphyraena barracuda,1936,1936,17.72,17.72,34.98,34.98
Chordata,Sphyraena borealis,51,115,12.62,13.23,31.03,31.61
Chordata,Sphyrna lewini,190,700,15.81,17.04,33.99,34.66
Chordata,Sphyrna mokarran,175,175,15.22,15.22,33.9,33.9
Chordata,Sphyrna zygaena,212.5,225,16.06,16.71,34.02,34.45
Chordata,Squalus acanthias,38.5,757,10.46,16.94,30.38,34.35
Chordata,Stemonosudis intermedia,222.5,222.5,18.01,18.01,35.12,35.12
Chordata,Stenotomus chrysops,48.5,3540,11.65,16.83,30.26,34.28
Chordata,Stephanolepis hispida,45,221,11.04,15.88,32.37,33.78
Chordata,Sternoptyx diaphana,363,3417.5,14.15,18.72,33.45,35.31
Chordata,Sternoptyx pseudobscura,508,1252,14.62,17.09,33.64,34.76
Chordata,Stomias affinis,277,277,16.52,16.52,34.62,34.62
Chordata,Stomias boa,343.5,3417.5,13.6,18.72,33.35,35.31
Chordata,Stylephorus chordatus,181,2150,16.09,18.31,34.37,35.25
Chordata,Symbolophorus veranyi,1181.5,1936,16.15,18.17,34.37,35.11
Chordata,Symphurus civitatum,211,253.5,13.92,16.11,33.34,33.92
Chordata,Symphurus plagiusa,73,288,12.58,16.94,31.32,34.35
Chordata,Symphurus pusillus,753.5,753.5,14.88,14.88,33.92,33.92
Chordata,Synagrops bellus,113.5,330,13.5,16.94,33.2,34.35
Chordata,Synaphobranchus affinis,731,1327,16.32,17.84,34.33,35.06
Chordata,Synaphobranchus kaupii,593,2652,14.54,19.33,33.71,35.43
Chordata,Synchiropus goodenbeani,44.5,189,15.23,16.35,33.59,34.15
Chordata,Syngnathus fuscus,46.5,129,10.99,14.74,31.93,33.24
Chordata,Synodus foetens,50,115,12.62,15.99,30.26,33.68
Chordata,Taaningichthys bathyphilus,1382,2184,16.15,17.72,34.37,34.98
Chordata,Taaningichthys minimus,969.5,969.5,15.55,15.55,34.09,34.09
Chordata,Tautoga onitis,52,112,12.58,12.98,31.08,31.32
Chordata,Tautogolabrus adspersus,46,140,10.62,13.74,30.58,32.81
Chordata,Tetrapturus georgii,300,2635,14.29,23.91,33.51,36.35
Chordata,Tetrapturus pfluegeri,290,290,16.12,16.12,34.23,34.23
Chordata,Tetronarce nobiliana,54,217.5,11.62,15.99,31.1,33.68
Chordata,Thalia democratica,40,500,10.78,11.92,32.08,32.28
Chordata,Thunnus alalunga,52,2635,13.69,23.61,32.86,36.37
Chordata,Thunnus albacares,52,2635,12.81,23.91,32.86,36.37
Chordata,Thunnus obesus,52,2375,13.69,23.9,32.86,36.35
Chordata,Thunnus thynnus,60,2375,13.69,23.9,33.27,36.27
Chordata,Trachonurus sulcatus,701,1243,17.84,18.17,35.06,35.12
Chordata,Trachurus lathami,50,2423,12.5,18.01,30.26,35.12
Chordata,Trichiurus lepturus,68,285.5,12.72,16.85,31.18,34.31
Chordata,Triglops murrayi,51,238.5,10.58,11.65,31.93,32.34
Chordata,Trigonolampa miriceps,500,2162,18.45,18.45,35.2,35.2
Chordata,Ulvaria subbifurcata,81,130.5,10.58,10.92,32.01,32.14
Chordata,Urophycis chuss,41,753.5,10.6,16.94,30.26,34.35
Chordata,Urophycis regia,41,380.5,11.01,16.94,30.26,34.45
Chordata,Urophycis tenuis,41,1158,10.58,16.6,31.22,34.34
Chordata,Valenciennellus tripunctulatus,1260,3316.5,18.01,18.4,35.12,35.19
Chordata,Venefica procera,661.5,825.5,16.32,16.32,34.33,34.33
Chordata,Vinciguerria attenuata,3316.5,3316.5,18.4,18.4,35.19,35.19
Chordata,Vinciguerria nimbaria,1215,3321.5,16.09,18.72,34.37,35.31
Chordata,Vinciguerria poweriae,822,3316.5,17.72,18.4,34.98,35.19
Chordata,Xenocephalus egregius,224,224,16.09,16.09,33.85,33.85
Chordata,Xenodermichthys copei,363,2184,14.15,18.62,33.45,35.26
Chordata,Xenolepidichthys dalgleishi,233.5,300.5,15.23,16.85,33.68,34.31
Chordata,Xiphias gladius,52,2400,12.81,23.91,32.9,36.37
Chordata,Zaphotias pedaliotus,380,3417.5,16.09,18.72,34.37,35.31
Chordata,Zenopsis conchifer,61.5,761.5,13.02,16.85,32.83,34.34
Chordata,Zoarces americanus,41,584.5,10.58,16.1,30.58,34.02
Chordata,Zu cristatus,209,457.5,15.92,17.84,34.33,35.06
Ciliophora,Cardiostomatella vermiformis,89,108,20.18,23.44,35.76,36.16
Ciliophora,Mesodinium rubrum,90,90,21.1,21.1,35.91,35.91
Cnidaria,Abylopsis tetragona,51,280.5,18.69,18.86,35.28,35.36
Cnidaria,Acanella arbuscula,733,2482,11.69,22.07,32.21,35.99
Cnidaria,Acanthogorgia armata,1057,1449,11.69,16.3,32.21,34.39
Cnidaria,Agalma elegans,51,275,18.69,18.86,35.28,35.36
Cnidaria,Aglantha digitale,250,500,11.15,11.92,31.99,32.28
Cnidaria,Anthomastus agassizii,1100,1100,17.72,17.72,34.98,34.98
Cnidaria,Anthomastus grandiflorus,1774,1883,18.17,21.94,35.11,35.99
Cnidaria,Anthoptilum grandiflorum,1100,2575,13.08,22.07,33.03,35.99
Cnidaria,Anthoptilum murrayi,2007,2007,17.72,17.72,34.98,34.98
Cnidaria,Anthothela grandiflora,567,2633,12.81,19.33,32.9,35.43
Cnidaria,Balticina finmarchica,1457,1457,17.72,17.72,34.98,34.98
Cnidaria,Bassia bassensis,51,263.35,18.69,18.86,35.28,35.36
Cnidaria,Callistephanus pallida,1404.5,1404.5,18.17,18.17,35.11,35.11
Cnidaria,Calyptrophora antilla,1308,1684,16.05,18.17,34.16,35.11
Cnidaria,Calyptrophora microdentata,2310,2310,22.07,22.07,36.01,36.01
Cnidaria,Candidella imbricata,1152,2063,13.61,22.05,33.34,35.99
Cnidaria,Caryophyllia (Caryophyllia) ambrosia,1100,1522,17.72,17.72,34.98,34.98
Cnidaria,Chrysogorgia agassizii,2558,2558,13.18,13.18,33.03,33.03
Cnidaria,Chrysogorgia artospira,1965,2253,21.94,22.07,35.99,36.01
Cnidaria,Chrysogorgia tricaulis,1446,2731,17.84,22.52,35.06,36.1
Cnidaria,Clytia hemisphaerica,500,500,11.92,11.92,32.28,32.28
Cnidaria,Cyanea capillata,500,500,11.35,11.92,32.04,32.28
Cnidaria,Dasmosmilia lymani,89.5,155.5,15.35,16.18,33.31,33.94
Cnidaria,Deepstaria enigmatica,611,611,16.05,16.05,34.13,34.13
Cnidaria,Desmophyllum dianthus,560.777,2719.769,11.69,22.52,32.21,36.1
Cnidaria,Desmophyllum pertusum,639,1618,12.04,18.01,32.45,35.12
Cnidaria,Distichoptilum gracile,1828,1861,16.45,16.45,34.4,34.4
Cnidaria,Eknomisis dalioi,1859,2331,21.95,22.07,35.98,36.01
Cnidaria,Enallopsammia rostrata,1298.5,1298.5,18.01,18.01,35.12,35.12
Cnidaria,Flabellum (Ulocyathus) alabastrum,1100,2000,16.83,18.01,34.49,35.12
Cnidaria,Galaxea fascicularis,61,185,17.09,23.44,34.64,36.16
Cnidaria,Halicreas minimum,500,500,11.92,11.92,32.28,32.28
Cnidaria,Hemicorallium bathyrubrum,2085,2572,19.91,22.07,35.58,36.01
Cnidaria,Hemicorallium niobe,2154,2417,21.95,22.07,35.98,36.01
Cnidaria,Hormathia nodosa,306,306,10.83,10.83,31.92,31.92
Cnidaria,Iridogorgia magnispiralis,1965,2311,19.11,22.07,35.34,36.01
Cnidaria,Iridogorgia splendens,1844,2937,21.94,22.05,35.99,35.99
Cnidaria,Javania cailleti,1114,1173,16.3,16.3,34.39,34.39
Cnidaria,Keratoisis grayi,955,1956,13.53,18.01,33.25,35.12
Cnidaria,Lateothela grandiflora,752,752,12.04,12.04,32.45,32.45
Cnidaria,Leiopathes glaberrima,1643,1688,18.01,18.17,35.11,35.12
Cnidaria,Melicertum octocostatum,411,500,11.15,11.92,31.99,32.28
Cnidaria,Metallogorgia melanotrichos,1721,2131,16.47,22.07,34.43,35.99
Cnidaria,Narella alvinae,2155,2172,21.99,21.99,35.98,35.98
Cnidaria,Narella versluysi,2118,2633,19.33,21.94,35.43,35.99
Cnidaria,Paragorgia arborea,245,1957,10.83,18.01,31.92,35.12
Cnidaria,Paragorgia coralloides,2111,2111,18.17,18.17,35.11,35.11
Cnidaria,Paragorgia johnsoni,772,2937,13.53,21.94,33.25,35.99
Cnidaria,Paramuricea biscaya,1404.5,2141,18.17,22.07,35.11,36.01
Cnidaria,Paramuricea grandis,814,1078,14.54,14.54,33.71,33.71
Cnidaria,Paramuricea placomus,503,503,13.53,13.53,33.25,33.25
Cnidaria,Paranarella watlingi,3855,3855,19.33,19.33,35.43,35.43
Cnidaria,Parantipathes hirondelle,1373,1373,15.92,15.92,34.09,34.09
Cnidaria,Parantipathes tetrasticha,1165,1165,17.72,17.72,34.98,34.98
Cnidaria,Parastenella atlantica,1984,1984,19.33,19.33,35.43,35.43
Cnidaria,Pelagia noctiluca,250,500,11.15,12.07,31.99,32.4
Cnidaria,Periphylla periphylla,1716,2712,15.52,18.18,34.07,35.16
Cnidaria,Premocyathus cornuformis,1404.5,1404.5,18.17,18.17,35.11,35.11
Cnidaria,Primnoa resedaeformis,497,1957,12.04,16.64,32.45,34.5
Cnidaria,Pseudoanthomastus agaricus,1459,1462,11.69,11.69,32.21,32.21
Cnidaria,Ptilella grandis,1297,2103,14.56,22.07,33.65,35.99
Cnidaria,Radicipes gracilis,1155,1612,17.84,18.17,35.06,35.12
Cnidaria,Radicipes spiralis,1453,1463,17.04,17.04,34.6,34.6
Cnidaria,Sibopathes macrospina,1947,2107,19.06,22.07,35.33,35.99
Cnidaria,Solenosmilia variabilis,634,1731,12.04,18.01,32.45,35.12
Cnidaria,Stauropathes arctica,1870,2661,18.17,19.33,35.11,35.43
Cnidaria,Stylatula elegans,96.5,199,15.3,16.35,33.23,34.15
Cnidaria,Telopathes magnus,759,2860,13.08,22.52,33.03,36.1
Cnidaria,Thouarella (Euthouarella) grasshoffi,814,814,14.54,14.54,33.71,33.71
Cnidaria,Thouarella (Euthouarella) hilgendorfi,748,1367,14.54,16.34,33.71,34.34
Cnidaria,Trachythela rudis,676,1963,12.81,22.07,32.9,35.99
Cnidaria,Vaughanella margaritata,1100,1100,18.01,18.01,35.12,35.12
Cnidaria,Victorgorgia alba,1099,1099,16.14,16.14,34.18,34.18
Cryptophyta,Geminigera cryophila,57,285,17.09,23.44,34.64,36.16
Cryptophyta,Guillardia theta,64,90,21.1,23.44,35.91,36.16
Cryptophyta,Hemiarma marina,109,109,17.09,17.09,34.64,34.64
Cryptophyta,Hemiselmis andersenii,64,89,21.1,23.44,35.91,36.16
Cryptophyta,Leucocryptos marina,86,285,17.09,23.44,34.64,36.16
Cryptophyta,Teleaulax amphioxeia,57,232,17.09,23.44,34.64,36.16
Cryptophyta,Telonema subtile,57,288,17.09,23.44,34.64,36.16
Ctenophora,Beroe cucumis,500,500,11.35,12.07,32.04,32.4
Ctenophora,Pleurobrachia pileus,40,500,10.78,11.92,32.08,32.28
Cyanobacteria,Geminobacterium atlanticum,135,135,21.1,21.1,35.91,35.91
Cyanobacteria,Prochlorococcus marinus,64,135,17.09,23.44,34.64,36.16
Echinodermata,Amphipholis squamata,75,76.6,13.77,13.88,32.59,32.7
Echinodermata,Arbacia punctulata,115,115,12.75,12.75,31.29,31.29
Echinodermata,Asteroschema clavigerum,1298.5,1404.5,18.01,18.17,35.11,35.12
Echinodermata,Astropecten duplicatus,55.4,55.4,13.63,13.63,32.21,32.21
Echinodermata,Benthopecten spinosus,1984,1984,17.72,17.72,34.98,34.98
Echinodermata,Brisinga costata,1413,1442,18.17,18.17,35.11,35.11
Echinodermata,Cheiraster (Cheiraster) sepitus,1298.5,1442,18.01,18.17,35.11,35.12
Echinodermata,Chondraster grandis,1326,1510,17.84,17.84,35.06,35.06
Echinodermata,Echinarachnius parma,55,71,12.36,14.16,31.01,32.67
Echinodermata,Freyella elegans,1994,2558,12.06,13.18,32.41,33.03
Echinodermata,Gracilechinus affinis,1404.5,2051.5,17.72,18.17,34.98,35.11
Echinodermata,Hippasteria phrygiana,1298.5,1298.5,18.01,18.01,35.12,35.12
Echinodermata,Hygrosoma petersii,1149,1510,17.84,18.01,35.06,35.12
Echinodermata,Leptosynapta tenuis,75,75,13.77,13.77,32.7,32.7
Echinodermata,Mediaster bairdi,1326,1510,17.84,17.84,35.06,35.06
Echinodermata,Myxaster sol,1149,1149,17.84,17.84,35.06,35.06
Echinodermata,Neomorphaster forcipatus,1149,1510,17.84,18.17,35.06,35.12
Echinodermata,Ophiacantha abyssicola,274,911,10.83,11.29,31.92,32.08
Echinodermata,Ophiacantha bidentata,274,2558,10.83,21.95,31.92,35.98
Echinodermata,Ophiocreas oedipus,2063,2063,21.94,21.94,35.99,35.99
Echinodermata,Ophiocten centobi,1930.5,1930.5,21.94,21.94,35.99,35.99
Echinodermata,Ophiomusa lymani,1149,2004,11.61,18.17,32.19,35.12
Echinodermata,Ophiopholis aculeata,911,911,11.29,11.29,32.08,32.08
Echinodermata,Ophioplinthaca abyssalis,2029,2460,21.94,21.94,35.99,35.99
Echinodermata,Ophioplinthus abyssorum,1298.5,1298.5,18.01,18.01,35.12,35.12
Echinodermata,Ophioplinthus tessellata,1404.5,1409,18.17,18.17,35.11,35.11
Echinodermata,Ophiosemnotes clavigera,1442,1442,18.17,18.17,35.11,35.11
Echinodermata,Ophiura ljungmani,1298.5,1923,18.01,21.95,35.11,35.98
Echinodermata,Ophiura saurura,1298.5,1930.5,18.01,21.94,35.11,35.99
Echinodermata,Paragonaster subtilis,1298.5,1298.5,18.01,18.01,35.12,35.12
Echinodermata,Phormosoma placenta,1298.5,1410,11.61,18.01,32.19,35.12
Echinodermata,Plutonaster agassizi,1326,1510,17.84,18.17,35.06,35.11
Echinodermata,Pontaster tenuispinus,1409,1409,18.17,18.17,35.11,35.11
Echinodermata,Psychropotes depressa,2558,2558,13.18,13.18,33.03,33.03
Echinodermata,Salenocidaris varispina,1404.5,1449.5,18.01,18.17,35.11,35.12
Echinodermata,Zygothuria lactea,1404.5,1442,18.17,18.17,35.11,35.11
Euglenozoa,Hemistasia phaeocysticola,65,90,21.1,21.1,35.91,35.91
Foraminifera,Globigerinella siphonifera,109,109,17.09,17.09,34.64,34.64
Foraminifera,Globorotalia inflata,185,285,17.09,17.09,34.64,34.64
Haptophyta,Diacronema lutheri,109,109,17.09,17.09,34.64,34.64
Haptophyta,Emiliania huxleyi,57,288,17.09,23.44,34.64,36.16
Haptophyta,Isochrysis galbana,61,65,20.18,21.1,35.76,35.91
Haptophyta,Phaeocystis antarctica,57,288,17.09,23.44,34.64,36.16
Haptophyta,Phaeocystis globosa,61,111,20.18,23.44,35.76,36.16
Haptophyta,Prymnesium parvum,65,236,20.18,23.44,35.76,36.16
Lentisphaerae,Lentisphaera araneosa,57,285,17.09,23.44,34.64,36.16
Mollusca,Abralia redfieldi,1770,2356.5,14.62,16.8,33.64,34.64
Mollusca,Abralia veranyi,145,2587,14.62,18.62,33.33,35.26
Mollusca,Abraliopsis atlantica,2439.5,2439.5,17.27,17.27,34.9,34.9
Mollusca,Abraliopsis morisii,1215,3417.5,14.62,18.72,33.64,35.31
Mollusca,Agriopoma morrhuanum,73.4,73.4,12.64,12.64,30.26,30.26
Mollusca,Ancistrocheirus lesueurii,1218,1218,18.01,18.01,35.12,35.12
Mollusca,Argonauta argo,2111.5,2328,16.09,18.01,34.37,35.12
Mollusca,Astarte borealis,70,75,14.94,15.53,33.02,33.31
Mollusca,Astarte undata,73.4,92.2,12.64,14.94,30.26,33.11
Mollusca,Bathothauma lyromma,3417.5,3417.5,18.4,18.4,35.19,35.19
Mollusca,Bathypolypus arcticus,66,858,10.81,16.79,31.95,34.45
Mollusca,Bathyteuthis abyssicola,1898.5,2107.5,15.92,15.95,34.2,34.33
Mollusca,Bathyteuthis berryi,969.5,2275.5,15.55,18.18,34.09,35.16
Mollusca,Bolitaena pygmaea,1901,2120,15.92,18.17,34.33,35.11
Mollusca,Brachioteuthis beanii,745,2029.5,14.54,17.84,33.71,35.06
Mollusca,Busycotypus canaliculatus,114,114,12.59,12.59,30.83,30.83
Mollusca,Calliotropis ottoi,1294,1449.5,17.72,18.01,34.98,35.12
Mollusca,Chiroteuthis mega,1215,2907.5,14.62,18.31,33.64,35.25
Mollusca,Chiroteuthis spoeli,1215,1215,18.01,18.01,35.12,35.12
Mollusca,Chiroteuthis veranii,363,2393.5,15.92,18.45,34.2,35.2
Mollusca,Chtenopteryx sicula,2381.5,3417.5,18.01,18.4,35.12,35.19
Mollusca,Cirrothauma murrayi,1260,3008,17.94,18.01,35.05,35.12
Mollusca,Clione limacina,45,545,11.35,13.84,32.04,33.41
Mollusca,Colus pygmaeus,55.4,55.4,13.63,13.63,32.21,32.21
Mollusca,Colus stimpsoni,57,57,12.85,12.85,32.24,32.24
Mollusca,Cranchia scabra,822,2431.5,17.84,18.18,35.06,35.16
Mollusca,Crenella decussata,57,80,12.85,14.94,32.24,33.02
Mollusca,Creseis acicula,51,51,18.69,18.69,35.28,35.28
Mollusca,Cyclocardia borealis,58,80,12.64,14.94,30.26,33.02
Mollusca,Cycloteuthis sirventi,858,858,15.55,15.55,34.09,34.09
Mollusca,Discoteuthis discus,1322.5,1322.5,17.84,17.84,35.06,35.06
Mollusca,Discoteuthis laciniosa,2328,2532,18.01,18.31,35.12,35.25
Mollusca,Doryteuthis pealeii,38.5,584.5,10.46,16.94,30.26,34.35
Mollusca,Ennucula delphinodonta,80,80,14.59,14.59,32.86,32.86
Mollusca,Ennucula tenuis,92.2,92.2,13.59,13.59,33.11,33.11
Mollusca,Enoploteuthis anapsis,1730.5,1730.5,18.45,18.45,35.2,35.2
Mollusca,Enoploteuthis leptura,1590.5,2406.5,14.62,18.72,33.64,35.31
Mollusca,Ensis directus,55,55,14.09,14.09,32.39,32.39
Mollusca,Euspira heros,50,120,12.59,13.01,30.26,31.32
Mollusca,Frigidoalvania carinata,57,57,12.85,12.85,32.24,32.24
Mollusca,Galiteuthis armata,3417.5,3417.5,18.4,18.4,35.19,35.19
Mollusca,Gonatus fabricii,969.5,3321.5,14.62,18.72,33.64,35.31
Mollusca,Graneledone verrucosa,818,1158.5,14.8,17.84,33.73,35.06
Mollusca,Grimalditeuthis bonplandii,1518,3008,17.94,18.01,35.05,35.12
Mollusca,Haliphron atlanticus,363,2841,15.52,18.62,34.07,35.26
Mollusca,Helicocranchia pfefferi,1176,2673,17.72,18.45,34.98,35.2
Mollusca,Heteranomia squamula,856,856,11.26,11.26,32.06,32.06
Mollusca,Histioteuthis atlantica,1961,1961,18.01,18.01,35.12,35.12
Mollusca,Histioteuthis bonnellii,2100,2673,17.6,18.45,34.97,35.2
Mollusca,Histioteuthis corona,822,2673,17.72,18.45,34.98,35.2
Mollusca,Histioteuthis meleagroteuthis,2184,2320.5,17.12,17.6,34.87,34.97
Mollusca,Histioteuthis reversa,363,3417.5,15.55,18.72,34.09,35.31
Mollusca,Illex illecebrosus,41,3008,10.52,18.62,30.65,35.26
Mollusca,Ilyanassa trivittata,73.4,73.4,12.64,12.64,30.26,30.26
Mollusca,Leachia atlantica,2045,2342.5,17.2,17.84,34.77,35.02
Mollusca,Limacina helicina,29.5,500,10.58,14.49,31.99,33.41
Mollusca,Limacina retroversa,36,500,10.75,12.63,32.03,32.91
Mollusca,Lucinoma filosa,88,92.2,13.28,13.59,33.03,33.11
Mollusca,Magnoteuthis magna,363,3321.5,14.54,18.72,33.64,35.31
Mollusca,Mastigopsis hjorti,1152.5,2510,17.46,17.72,34.93,34.98
Mollusca,Mastigoteuthis agassizii,858,3417.5,14.62,18.72,33.64,35.31
Mollusca,Mercenaria mercenaria,101,148,12.65,12.79,31.03,31.3
Mollusca,Mytilus edulis,59,120,12.65,12.79,31.08,31.3
Mollusca,Nucula proxima,73.4,98.3,12.64,14.34,30.26,33.2
Mollusca,Octopoteuthis danae,1260,3272,18.01,18.2,35.12,35.23
Mollusca,Octopoteuthis megaptera,1322.5,2381.5,17.72,18.72,34.98,35.31
Mollusca,Octopoteuthis sicula,363,3321.5,14.62,18.72,33.64,35.31
Mollusca,Octopus vulgaris,132,296,11.52,15.76,32.05,34.02
Mollusca,Onychoteuthis banksii,363,3008,17.12,18.62,34.77,35.26
Mollusca,Onykia robsoni,1961,1961,18.01,18.01,35.12,35.12
Mollusca,Opisthoteuthis agassizii,2248.5,2248.5,17.39,17.39,34.81,34.81
Mollusca,Ornithoteuthis antillarum,1590.5,2393.5,14.62,18.72,33.64,35.31
Mollusca,Parvicardium pinnulatum,58,75,14.16,14.94,32.49,33.02
Mollusca,Periploma margaritaceum,75,80,13.77,14.59,32.7,32.86
Mollusca,Periploma papyratium,57,92.2,12.85,13.88,32.24,33.11
Mollusca,Placopecten magellanicus,41.5,243,10.52,16.6,31.21,34.21
Mollusca,Pterygioteuthis gemmata,1213,2587,14.62,18.17,33.64,35.12
Mollusca,Pyroteuthis margaritifera,1181.5,3417.5,14.62,18.72,33.64,35.31
Mollusca,Selenoteuthis scintillans,1730.5,3008,17.94,18.45,35.05,35.2
Mollusca,Solamen glandula,92.2,92.2,13.59,13.59,33.11,33.11
Mollusca,Spisula solidissima,56,56,10.94,10.94,32.33,32.33
Mollusca,Stauroteuthis syrtensis,969.5,2841,15.55,18.18,34.09,35.16
Mollusca,Stigmatoteuthis dofleini,2016.5,2016.5,14.62,14.62,33.64,33.64
Mollusca,Stoloteuthis leucoptera,164.5,1541.5,11.95,15.88,32.15,34.09
Mollusca,Styliola subula,263.35,263.35,18.69,18.69,35.28,35.28
Mollusca,Taonius pavo,363,3417.5,14.62,18.72,33.64,35.31
Mollusca,Teuthowenia megalops,745,2907.5,14.54,18.31,33.64,35.25
Mollusca,Thyasira trisinuata,76.6,98.3,13.28,14.34,32.59,33.2
Mollusca,Thysanoteuthis rhombus,2603.5,2603.5,18.58,18.58,35.19,35.19
Mollusca,Tremoctopus gracilis,2532,2532,18.31,18.31,35.25,35.25
Mollusca,Vampyroteuthis infernalis,363,3417.5,14.62,18.72,33.64,35.31
Mollusca,Yoldia limatula,73.4,98.3,12.64,14.34,30.26,33.2
Myzozoa,Amallocystis fagei,232,232,23.44,23.44,36.16,36.16
Myzozoa,Amyloodinium ocellatum,285,285,21.1,21.1,35.91,35.91
Myzozoa,Blastodinium contortum,64,90,21.1,23.44,35.91,36.16
Myzozoa,Blastodinium galatheanum,109,109,17.09,17.09,34.64,34.64
Myzozoa,Blastodinium navicula,109,109,17.09,17.09,34.64,34.64
Myzozoa,Chytriodinium roseum,234,234,20.18,20.18,35.76,35.76
Myzozoa,Erythropsidinium agile,135,135,21.1,21.1,35.91,35.91
Myzozoa,Gonyaulax polygramma,89,89,23.44,23.44,36.16,36.16
Myzozoa,Gymnodinium aureolum,57,285,17.09,23.44,34.64,36.16
Myzozoa,Gymnodinium catenatum,64,111,23.44,23.44,36.16,36.16
Myzozoa,Gymnodinium impudicum,64,111,21.1,23.44,35.91,36.16
Myzozoa,Karlodinium veneficum,135,135,21.1,21.1,35.91,35.91
Myzozoa,Kryptoperidinium foliaceum,61,111,20.18,23.44,35.76,36.16
Myzozoa,Lingulodinium polyedra,57,57,17.09,17.09,34.64,34.64
Myzozoa,Margalefidinium polykrikoides,135,139,20.18,23.44,35.76,36.16
Myzozoa,Noctiluca scintillans,57,185,17.09,20.18,34.64,35.76
Myzozoa,Pentapharsodinium dalei,57,57,17.09,17.09,34.64,34.64
Myzozoa,Pentapharsodinium tyrrhenicum,108,139,20.18,23.44,35.76,36.16
Myzozoa,Perkinsus qugwadii,89,89,17.09,17.09,34.64,34.64
Myzozoa,Pfiesteria piscicida,57,285,17.09,23.44,34.64,36.16
Myzozoa,Polarella glacialis,90,90,21.1,21.1,35.91,35.91
Myzozoa,Sabulodinium undulatum,160,160,23.44,23.44,36.16,36.16
Myzozoa,Tripos fusus,61,61,20.18,20.18,35.76,35.76
Myzozoa,Tripos longipes,89,89,23.44,23.44,36.16,36.16
Ochrophyta,Aureococcus anophagefferens,232,232,23.44,23.44,36.16,36.16
Ochrophyta,Heterosigma akashiwo,90,90,21.1,21.1,35.91,35.91
Ochrophyta,Octactis speculum,89,90,21.1,23.44,35.91,36.16
Ochrophyta,Pelagomonas calceolata,57,285,17.09,23.44,34.64,36.16
Ochrophyta,Triparma laevis,64,64,23.44,23.44,36.16,36.16
Oomycota,Developayella elegans,288,288,20.18,20.18,35.76,35.76
Picozoa,Picomonas judraskeda,57,288,17.09,23.44,34.64,36.16
Planctomycetes,Blastopirellula marina,108,284,20.18,23.44,35.76,36.16
Porifera,Aphrocallistes beatrix,164,2926,16.34,19.65,34.31,35.6
Porifera,Asbestopluma (Asbestopluma) furcata,763,2553,12.81,22.52,32.9,36.1
Porifera,Asbestopluma (Asbestopluma) ruetzleri,621,4665,14.54,22.52,33.71,36.1
Porifera,Asconema foliatum,569,3107,11.69,22.07,32.21,35.99
Porifera,Atlantisella incognita,1127,2819,14.54,22.52,33.71,36.1
Porifera,Cladorhiza gelida,4543,4652,21.45,21.45,35.94,35.94
Porifera,Farrea herdendorfi,866,2825,12.81,22.07,32.9,35.99
Porifera,Farrea occa,860,2692,13.08,22.52,33.03,36.1
Porifera,Geodia barretti,685,2889,13.53,22.52,33.25,36.1
Porifera,Geodia macandrewii,1404.5,1917,18.01,18.17,35.11,35.12
Porifera,Geodia megastrella,1880,1995,19.91,21.95,35.58,35.98
Porifera,Hertwigia falcifera,741,3076,13.53,22.07,33.25,35.99
Porifera,Poecillastra compressa,2039,2039,18.17,18.17,35.11,35.11
Porifera,Stylocordyla borealis,1072,1072,16.05,16.05,34.16,34.16
Porifera,Suberites ficus,776,3208,12.81,22.52,32.9,36.1
Porifera,Vazella pourtalesii,306,428,10.83,15.6,31.92,34.12
Proteobacteria,Afifella marina,61,61,20.18,20.18,35.76,35.76
Proteobacteria,Alteromonas macleodii,57,288,17.09,23.44,34.64,36.16
Proteobacteria,Bermanella marisrubri,139,284,23.44,23.44,36.16,36.16
Proteobacteria,Colwellia polaris,234,284,20.18,23.44,35.76,36.16
Proteobacteria,Colwellia psychrerythraea,234,285,17.09,20.18,34.64,35.76
Proteobacteria,Congregibacter litoralis,285,285,17.09,17.09,34.64,34.64
Proteobacteria,Idiomarina abyssalis,234,234,20.18,20.18,35.76,35.76
Proteobacteria,Marinobacter excellens,288,288,20.18,20.18,35.76,35.76
Proteobacteria,Marinomonas mediterranea,65,111,21.1,23.44,35.91,36.16
Proteobacteria,Microbulbifer agarilyticus,109,109,17.09,17.09,34.64,34.64
Proteobacteria,Nisaea denitrificans,57,285,17.09,23.44,34.64,36.16
Proteobacteria,Nitrosomonas marina,139,185,17.09,23.44,34.64,36.16
Proteobacteria,Nitrospina gracilis,185,288,17.09,21.1,34.64,35.91
Proteobacteria,Oceanicaulis alexandrii,234,288,20.18,21.1,35.76,35.91
Proteobacteria,Oleispira antarctica,64,285,17.09,23.44,34.64,36.16
Proteobacteria,Photobacterium angustum,57,90,17.09,23.44,34.64,36.16
Proteobacteria,Photobacterium leiognathi,108,284,20.18,23.44,35.76,36.16
Proteobacteria,Photobacterium profundum,184,285,17.09,21.1,34.64,35.91
Proteobacteria,Piscirickettsia salmonis,284,284,23.44,23.44,36.16,36.16
Proteobacteria,Plesiocystis pacifica,109,288,17.09,20.18,34.64,35.76
Proteobacteria,Pseudoalteromonas byunsanensis,61,135,20.18,20.18,35.76,35.76
Proteobacteria,Pseudoalteromonas luteoviolacea,86,135,17.09,23.44,34.64,36.16
Proteobacteria,Robiginitomaculum antarcticum,234,234,20.18,20.18,35.76,35.76
Proteobacteria,Roseovarius nubinhibens,288,288,20.18,20.18,35.76,35.76
Proteobacteria,Saccharophagus degradans,285,285,17.09,17.09,34.64,34.64
Proteobacteria,Salinisphaera shabanensis,186,186,20.18,20.18,35.76,35.76
Proteobacteria,Shewanella frigidimarina,135,135,21.1,21.1,35.91,35.91
Proteobacteria,Sneathiella glossodoripedis,185,185,17.09,17.09,34.64,34.64
Proteobacteria,Teredinibacter turnerae,89,135,17.09,20.18,34.64,35.76
Proteobacteria,Thiorhodococcus drewsii,57,57,17.09,17.09,34.64,34.64
Proteobacteria,Vibrio campbellii,285,285,21.1,21.1,35.91,35.91
Proteobacteria,Vibrio coralliilyticus,86,285,17.09,20.18,34.64,35.76
Proteobacteria,Vibrio splendidus,89,234,20.18,23.44,35.76,36.16
Proteobacteria,Woodsholea maritima,139,139,23.44,23.44,36.16,36.16
Proteobacteria,Zooshikella ganghwensis,232,288,20.18,23.44,35.76,36.16
Radiozoa,Actinomma boreale,86,86,20.18,20.18,35.76,35.76
Radiozoa,Amphibelone heteracanthum,111,111,23.44,23.44,36.16,36.16
Radiozoa,Arachnosphaera myriacantha,57,57,17.09,17.09,34.64,34.64
Radiozoa,Astrosphaera hexagonalis,57,234,17.09,20.18,34.64,35.76
Radiozoa,Ceratospyris hyperborea,135,135,21.1,21.1,35.91,35.91
Radiozoa,Cladococcus viminalis,57,288,17.09,23.44,34.64,36.16
Radiozoa,Dictyocoryne truncatum,234,234,20.18,20.18,35.76,35.76
Radiozoa,Heteracon biformis,288,288,20.18,20.18,35.76,35.76
Radiozoa,Larcopyle buetschlii,57,288,17.09,23.44,34.64,36.16
Radiozoa,Phyllostaurus cuspidatus,135,135,17.09,17.09,34.64,34.64
Radiozoa,Pseudocubus obeliscus,111,111,21.1,21.1,35.91,35.91
Radiozoa,Pterocorys zancleus,86,135,17.09,21.1,34.64,35.91
Radiozoa,Rhaphidozoum acuferum,89,111,17.09,23.44,34.64,36.16
Radiozoa,Solenosphaera zanguebarica,135,135,20.18,20.18,35.76,35.76
Radiozoa,Sphaerozoum punctatum,184,232,21.1,23.44,35.91,36.16
Radiozoa,Spongopyle osculosa,57,285,17.09,23.44,34.64,36.16
Radiozoa,Spongotrochus glacialis,57,285,17.09,23.44,34.64,36.16
Radiozoa,Stylochlamydium venustum,135,234,20.18,23.44,35.76,36.16
Radiozoa,Stylodictya validispina,108,108,20.18,20.18,35.76,35.76
Thaumarchaeota,Nitrosopumilus maritimus,57,285,17.09,23.44,34.64,36.16
Verrucomicrobia,Coraliomargarita akajimensis,89,285,17.09,23.44,34.64,36.16
Verrucomicrobia,Pelagicoccus albus,61,111,20.18,23.44,35.76,36.16
Verrucomicrobia,Rubritalea marina,89,285,17.09,23.44,34.64,36.16
(blank),Bathycoccus prasinos,57,111,17.09,23.44,34.64,36.16
(blank),Crustomastix stigmatica,139,139,23.44,23.44,36.16,36.16
(blank),Ebria tripartita,57,57,17.09,17.09,34.64,34.64
(blank),Erythrotrichia carnea,185,185,17.09,17.09,34.64,34.64
(blank),Micromonas commoda,61,111,20.18,23.44,35.76,36.16
(blank),Micromonas pusilla,57,185,17.09,23.44,34.64,36.16
(blank),Ostreococcus lucimarinus,89,111,23.44,23.44,36.16,36.16
(blank),Ostreococcus tauri,57,111,17.09,23.44,34.64,36.16
(blank),Palpitomonas bilix,139,186,20.18,23.44,35.76,36.16
(blank),Prasinococcus capsulatus,61,89,20.18,23.44,35.76,36.16
(blank),Pycnococcus provasolii,109,109,17.09,17.09,34.64,34.64
(blank),Pyramimonas parkeae,109,109,17.09,17.09,34.64,34.64
(blank),Rhodochaete pulchella,111,111,21.1,21.1,35.91,35.91
(blank),Solenicola setigera,111,111,21.1,21.1,35.91,35.91
